worker_id,scenario_id,rating,structure,type,strength
58,0,7,0,good,mild
58,4,6,0,good,severe
58,3,6,1,good,mild
58,0,2,0,harm,severe
58,3,3,1,harm,severe
58,2,3,1,harm,mild
58,0,7,1,good,severe
58,4,7,1,good,mild
58,0,1,1,harm,severe
58,1,2,1,harm,severe
58,3,3,1,harm,mild
58,4,3,1,harm,mild
58,3,4,0,harm,mild
58,3,7,1,good,severe
58,0,3,1,harm,mild
58,2,3,0,harm,mild
58,3,7,0,good,severe
58,1,6,1,good,mild
58,1,4,0,harm,mild
58,2,6,0,good,mild
58,0,3,0,harm,mild
58,3,7,0,good,mild
58,1,3,1,harm,mild
58,1,7,1,good,severe
58,4,1,0,harm,severe
58,1,7,0,good,severe
58,2,7,1,good,severe
58,4,7,0,good,mild
58,0,6,1,good,mild
58,2,3,1,harm,severe
58,2,5,1,good,mild
58,4,3,1,harm,severe
58,3,1,0,harm,severe
58,0,7,0,good,severe
58,2,3,0,harm,severe
58,4,4,0,harm,mild
58,2,7,0,good,severe
58,1,1,0,harm,severe
58,1,6,0,good,mild
58,4,7,1,good,severe
72,3,4,0,harm,mild
72,0,5,0,harm,mild
72,2,7,1,good,mild
72,4,7,1,good,mild
72,0,6,1,harm,mild
72,1,2,0,harm,severe
72,2,7,0,good,mild
72,2,5,1,harm,mild
72,1,5,1,harm,mild
72,3,7,1,good,severe
72,0,2,0,harm,severe
72,2,7,0,good,severe
72,1,7,1,good,mild
72,3,1,0,harm,severe
72,1,7,0,good,mild
72,1,7,0,good,severe
72,4,2,1,harm,mild
72,3,1,1,harm,severe
72,2,7,1,good,severe
72,4,3,1,harm,severe
72,2,3,0,harm,mild
72,0,7,1,good,mild
72,3,7,1,good,mild
72,2,2,1,harm,severe
72,0,7,0,good,severe
72,3,7,0,good,mild
72,1,3,0,harm,mild
72,4,7,0,good,severe
72,1,3,1,harm,severe
72,1,7,1,good,severe
72,3,2,1,harm,mild
72,4,1,0,harm,severe
72,0,7,1,good,severe
72,4,4,0,harm,mild
72,4,7,0,good,mild
72,0,1,1,harm,severe
72,4,7,1,good,severe
72,0,7,0,good,mild
72,2,1,0,harm,severe
72,3,7,0,good,severe
56,0,7,1,good,severe
56,0,6,0,good,mild
56,3,3,1,harm,severe
56,3,7,1,good,severe
56,0,3,1,harm,severe
56,3,4,1,harm,mild
56,0,3,1,harm,mild
56,4,7,0,good,mild
56,0,2,0,harm,severe
56,0,7,0,good,severe
56,2,6,1,good,mild
56,1,6,0,good,mild
56,1,7,0,good,severe
56,3,6,0,good,severe
56,1,1,0,harm,severe
56,1,7,1,good,severe
56,2,5,0,good,mild
56,3,6,0,good,mild
56,4,7,0,good,severe
56,1,5,1,good,mild
56,4,2,0,harm,severe
56,2,2,0,harm,severe
56,0,4,0,harm,mild
56,4,2,1,harm,severe
56,4,3,1,harm,mild
56,3,2,0,harm,severe
56,1,2,1,harm,severe
56,4,5,1,good,mild
56,2,7,1,good,severe
56,2,5,1,harm,mild
56,1,2,0,harm,mild
56,4,4,0,harm,mild
56,3,4,0,harm,mild
56,2,3,1,harm,severe
56,4,6,1,good,severe
56,0,5,1,good,mild
56,3,5,1,good,mild
56,2,4,0,harm,mild
56,1,3,1,harm,mild
56,2,7,0,good,severe
70,2,5,1,good,mild
70,3,4,1,harm,mild
70,0,7,1,good,severe
70,2,3,1,harm,severe
70,4,3,1,harm,mild
70,0,1,0,harm,severe
70,1,5,1,good,mild
70,2,4,1,harm,mild
70,1,2,1,harm,severe
70,1,6,0,good,mild
70,4,7,1,good,severe
70,4,3,1,harm,severe
70,1,1,0,harm,severe
70,4,6,0,good,mild
70,3,1,0,harm,severe
70,4,4,0,harm,mild
70,0,3,1,harm,severe
70,4,6,0,good,severe
70,0,6,0,good,mild
70,2,6,1,good,severe
70,1,6,1,good,severe
70,4,3,0,harm,severe
70,4,5,1,good,mild
70,2,3,0,harm,mild
70,3,4,0,harm,mild
70,2,6,0,good,severe
70,3,6,1,good,severe
70,0,6,1,good,mild
70,0,4,0,harm,mild
70,1,4,0,good,severe
70,1,4,1,harm,mild
70,0,6,0,good,severe
70,3,4,1,good,mild
70,3,5,0,good,mild
70,2,2,0,harm,severe
70,0,4,1,harm,mild
70,2,5,0,good,mild
70,3,3,1,harm,severe
70,1,3,0,harm,mild
70,3,6,0,good,severe
26,0,7,1,good,mild
26,3,3,1,harm,mild
26,0,7,0,good,severe
26,2,3,0,harm,mild
26,4,5,1,good,mild
26,2,6,0,good,mild
26,0,1,0,harm,severe
26,4,7,0,good,severe
26,4,1,0,harm,severe
26,0,1,1,harm,severe
26,1,7,0,good,severe
26,2,4,1,harm,mild
26,2,7,0,good,severe
26,0,7,0,good,mild
26,1,7,0,good,mild
26,1,2,1,harm,severe
26,3,1,0,harm,severe
26,3,5,0,harm,mild
26,3,4,1,harm,severe
26,4,6,0,harm,mild
26,2,5,1,good,mild
26,0,6,1,harm,mild
26,1,7,1,good,severe
26,1,2,0,harm,severe
26,1,5,0,harm,mild
26,0,6,0,harm,mild
26,1,6,1,good,mild
26,4,7,0,good,mild
26,4,2,1,harm,mild
26,2,7,1,good,severe
26,3,7,0,good,severe
26,2,5,1,harm,severe
26,0,7,1,good,severe
26,4,6,1,good,severe
26,2,2,0,harm,severe
26,3,7,1,good,severe
26,4,4,1,harm,severe
26,3,7,1,good,mild
26,3,7,0,good,mild
26,1,7,1,harm,mild
57,0,4,0,harm,mild
57,1,1,1,harm,severe
57,2,2,1,harm,severe
57,3,1,0,harm,severe
57,3,6,0,good,severe
57,3,2,1,harm,severe
57,0,7,0,good,severe
57,4,7,0,good,severe
57,1,7,1,good,severe
57,3,4,0,harm,mild
57,0,7,1,good,severe
57,3,3,1,harm,mild
57,3,6,0,good,mild
57,1,3,1,harm,mild
57,4,6,1,good,mild
57,2,6,1,good,mild
57,4,1,0,harm,severe
57,2,6,0,good,severe
57,0,5,0,good,mild
57,4,4,0,harm,mild
57,1,6,0,good,mild
57,2,2,0,harm,severe
57,2,6,0,good,mild
57,2,3,0,harm,mild
57,1,6,0,good,severe
57,3,6,1,good,mild
57,2,4,1,harm,mild
57,4,6,0,good,mild
57,1,6,1,good,mild
57,0,6,1,good,mild
57,1,3,0,harm,mild
57,0,4,1,harm,severe
57,1,2,0,harm,severe
57,2,6,1,good,severe
57,3,6,1,good,severe
57,4,6,1,good,severe
57,4,3,1,harm,severe
57,4,4,1,harm,mild
57,0,2,0,harm,severe
57,0,3,1,harm,mild
62,1,7,0,good,mild
62,0,6,0,harm,mild
62,2,6,0,good,severe
62,3,6,1,harm,severe
62,3,3,0,harm,mild
62,3,7,0,good,mild
62,1,2,0,harm,severe
62,1,7,1,good,severe
62,1,3,1,harm,mild
62,4,6,1,good,mild
62,2,3,0,harm,mild
62,4,3,0,harm,mild
62,4,5,0,good,severe
62,4,7,0,good,mild
62,0,7,0,good,severe
62,4,3,1,harm,severe
62,0,2,0,harm,severe
62,4,1,0,harm,severe
62,2,6,1,good,mild
62,0,7,1,good,mild
62,1,7,1,good,mild
62,0,2,1,harm,severe
62,2,7,0,good,mild
62,3,7,1,good,mild
62,3,2,0,harm,severe
62,1,7,0,good,severe
62,4,6,1,good,severe
62,0,3,1,harm,mild
62,3,6,0,good,severe
62,2,4,1,harm,mild
62,1,3,0,harm,mild
62,0,7,0,good,mild
62,2,1,1,harm,severe
62,1,1,1,harm,severe
62,2,2,0,harm,severe
62,4,3,1,harm,mild
62,2,7,1,good,severe
62,3,6,1,good,severe
62,0,6,1,good,severe
62,3,3,1,harm,mild
68,4,4,1,harm,severe
68,1,7,0,good,severe
68,3,7,1,good,severe
68,3,3,1,harm,mild
68,2,7,1,good,severe
68,0,5,0,harm,mild
68,4,7,0,good,severe
68,1,7,0,good,mild
68,0,7,0,good,mild
68,3,3,0,harm,mild
68,4,6,0,harm,mild
68,3,7,0,good,mild
68,1,3,0,harm,severe
68,3,3,0,harm,severe
68,2,7,0,good,severe
68,4,7,0,good,mild
68,0,2,0,harm,severe
68,0,2,1,harm,severe
68,0,7,1,good,severe
68,2,3,1,harm,mild
68,1,3,0,harm,mild
68,3,7,0,good,severe
68,2,2,1,harm,severe
68,2,1,0,harm,severe
68,0,5,1,good,mild
68,0,7,0,good,severe
68,2,5,1,good,mild
68,1,4,1,harm,mild
68,4,7,1,good,mild
68,1,1,1,harm,severe
68,3,2,1,harm,severe
68,1,7,1,good,severe
68,4,3,1,harm,mild
68,3,4,1,good,mild
68,2,4,0,good,mild
68,0,6,1,harm,mild
68,4,4,0,harm,severe
68,2,2,0,harm,mild
68,1,5,1,good,mild
68,4,6,1,good,severe
69,0,6,1,good,mild
69,4,7,1,good,severe
69,1,7,1,good,severe
69,4,1,0,harm,severe
69,1,2,0,harm,mild
69,0,6,0,good,mild
69,3,5,1,good,mild
69,2,6,0,good,mild
69,4,6,0,good,severe
69,2,1,0,harm,severe
69,1,7,0,good,severe
69,0,7,0,good,severe
69,0,1,1,harm,severe
69,4,2,1,harm,severe
69,4,5,1,good,mild
69,2,7,0,good,severe
69,3,7,0,good,mild
69,3,7,0,good,severe
69,0,2,0,harm,severe
69,3,2,0,harm,mild
69,1,2,0,harm,severe
69,4,3,0,harm,mild
69,2,3,0,harm,mild
69,0,3,1,harm,mild
69,2,7,1,good,severe
69,2,5,1,good,mild
69,4,3,1,harm,mild
69,2,3,1,harm,mild
69,1,4,1,harm,mild
69,3,1,0,harm,severe
69,3,3,1,harm,mild
69,1,5,1,good,mild
69,0,3,0,harm,mild
69,3,7,1,good,severe
69,4,7,0,good,mild
69,1,2,1,harm,severe
69,0,7,1,good,severe
69,2,2,1,harm,severe
69,1,6,0,good,mild
69,3,2,1,harm,severe
25,1,5,1,good,mild
25,4,7,1,good,severe
25,2,3,1,harm,mild
25,2,6,0,good,severe
25,2,4,0,harm,mild
25,3,1,0,harm,severe
25,1,7,1,good,severe
25,1,7,0,good,severe
25,1,7,0,good,mild
25,0,1,1,harm,severe
25,0,1,1,harm,mild
25,0,3,0,harm,mild
25,4,6,0,good,severe
25,2,6,1,good,mild
25,2,1,0,harm,severe
25,4,7,0,good,mild
25,3,2,1,harm,mild
25,1,2,0,harm,mild
25,3,1,1,harm,severe
25,2,5,0,good,mild
25,4,6,1,good,mild
25,3,7,0,good,mild
25,3,6,1,good,mild
25,1,2,1,harm,mild
25,0,6,0,good,mild
25,0,7,0,good,severe
25,2,5,1,good,severe
25,0,5,1,good,severe
25,0,5,1,good,mild
25,1,2,1,harm,severe
25,3,2,0,harm,mild
25,4,2,1,harm,severe
25,0,1,0,harm,severe
25,1,1,0,harm,severe
25,4,1,0,harm,severe
25,4,3,0,harm,mild
25,3,5,0,good,severe
25,2,3,1,harm,severe
25,3,6,1,good,severe
25,4,3,1,harm,mild
67,3,6,0,good,mild
67,2,3,1,harm,severe
67,1,2,1,harm,severe
67,2,6,0,good,mild
67,2,7,1,good,mild
67,4,2,0,harm,mild
67,0,6,0,good,severe
67,0,7,1,good,mild
67,2,4,1,harm,mild
67,2,3,0,harm,severe
67,2,6,1,good,severe
67,2,4,0,harm,mild
67,0,2,1,harm,mild
67,4,6,0,good,mild
67,3,3,1,harm,mild
67,3,6,1,good,severe
67,1,2,0,harm,severe
67,1,3,1,harm,mild
67,4,2,1,harm,mild
67,0,1,0,harm,severe
67,3,4,1,good,mild
67,4,6,0,good,severe
67,2,6,0,good,severe
67,1,5,1,good,mild
67,4,6,1,good,severe
67,1,6,0,good,mild
67,3,1,0,harm,severe
67,3,2,1,harm,severe
67,1,2,0,harm,mild
67,3,3,0,harm,mild
67,4,6,1,good,mild
67,0,6,0,good,mild
67,0,2,1,harm,severe
67,3,3,0,good,severe
67,4,3,0,harm,severe
67,1,6,1,good,severe
67,4,2,1,harm,severe
67,1,6,0,good,severe
67,0,3,0,harm,mild
67,0,7,1,good,severe
60,4,6,0,harm,severe
60,3,5,1,harm,severe
60,3,5,1,good,severe
60,4,6,1,harm,severe
60,0,4,1,good,mild
60,3,3,1,good,mild
60,4,6,0,harm,mild
60,3,5,0,good,severe
60,2,6,1,harm,severe
60,1,5,0,harm,mild
60,4,7,1,harm,mild
60,0,5,0,good,mild
60,2,5,0,harm,mild
60,1,4,1,harm,mild
60,1,4,0,good,mild
60,1,6,1,good,mild
60,4,3,1,good,severe
60,0,3,1,good,severe
60,3,5,0,harm,mild
60,4,5,1,good,mild
60,2,6,1,harm,mild
60,3,3,0,good,mild
60,0,6,0,good,severe
60,1,6,1,harm,severe
60,2,2,0,good,severe
60,4,4,0,good,severe
60,1,6,0,good,severe
60,2,4,0,good,mild
60,1,7,1,good,severe
60,0,5,1,harm,severe
60,0,6,0,harm,mild
60,3,2,0,harm,severe
60,4,6,0,good,mild
60,2,6,1,good,severe
60,0,6,1,harm,mild
60,1,3,0,harm,severe
60,2,5,1,good,mild
60,3,6,1,harm,mild
60,2,6,0,harm,severe
60,0,2,0,harm,severe
59,4,7,1,good,mild
59,2,5,1,good,mild
59,0,1,1,harm,severe
59,4,7,0,good,mild
59,1,4,1,harm,mild
59,3,5,1,good,mild
59,2,5,0,good,mild
59,3,3,0,harm,mild
59,3,7,1,good,severe
59,1,6,0,good,severe
59,2,7,1,good,severe
59,1,2,1,harm,severe
59,2,7,0,good,severe
59,4,3,0,harm,mild
59,0,4,0,harm,mild
59,3,6,0,good,mild
59,4,7,1,good,severe
59,1,7,1,good,severe
59,3,1,1,harm,severe
59,3,3,1,harm,mild
59,2,3,1,harm,severe
59,2,4,1,harm,mild
59,3,1,0,harm,severe
59,4,2,1,harm,severe
59,4,2,1,harm,mild
59,3,5,0,good,severe
59,4,6,0,good,severe
59,1,5,1,good,mild
59,0,2,0,harm,severe
59,0,2,1,harm,mild
59,0,6,1,good,severe
59,1,2,0,harm,severe
59,4,2,0,harm,severe
59,2,1,0,harm,severe
59,2,1,0,harm,mild
59,1,7,0,good,mild
59,1,3,0,harm,mild
59,0,7,0,good,mild
59,0,6,1,good,mild
59,0,6,0,good,severe
71,3,4,0,good,mild
71,3,3,1,harm,severe
71,1,3,1,good,mild
71,2,4,0,harm,severe
71,3,3,1,good,severe
71,0,3,1,harm,severe
71,1,5,0,good,mild
71,0,3,1,good,severe
71,4,3,0,good,mild
71,0,3,0,harm,mild
71,0,2,0,harm,severe
71,4,6,0,good,severe
71,1,3,1,harm,severe
71,2,6,0,good,severe
71,3,4,0,harm,mild
71,4,4,0,harm,mild
71,2,4,0,good,mild
71,0,4,0,good,mild
71,4,4,1,good,severe
71,1,4,0,harm,mild
71,2,4,1,harm,severe
71,3,5,1,good,mild
71,4,4,0,harm,severe
71,3,3,1,harm,mild
71,2,4,0,harm,mild
71,0,4,1,good,mild
71,3,2,0,harm,severe
71,4,4,1,harm,mild
71,2,4,1,good,mild
71,1,3,1,good,severe
71,1,4,0,good,severe
71,2,3,1,good,severe
71,4,4,1,good,mild
71,2,4,1,harm,mild
71,1,4,0,harm,severe
71,4,3,1,harm,severe
71,1,4,1,harm,mild
71,0,3,1,harm,mild
71,0,6,0,good,severe
71,3,4,0,good,severe
24,2,5,0,harm,severe
24,4,3,0,harm,severe
24,3,6,1,good,severe
24,1,2,0,harm,mild
24,2,5,1,good,mild
24,3,1,0,harm,severe
24,1,4,0,good,severe
24,2,5,0,good,severe
24,1,4,0,good,mild
24,0,5,1,good,severe
24,0,3,1,good,mild
24,4,3,0,good,mild
24,4,3,1,harm,severe
24,0,3,0,harm,mild
24,1,1,1,harm,severe
24,3,5,1,good,mild
24,2,6,1,good,severe
24,4,4,0,harm,mild
24,3,6,0,good,severe
24,3,3,1,harm,severe
24,1,2,0,harm,severe
24,0,4,0,good,mild
24,3,5,0,harm,mild
24,2,3,1,harm,mild
24,1,3,1,harm,mild
24,1,6,1,good,severe
24,0,1,1,harm,severe
24,4,5,1,good,mild
24,4,7,1,good,severe
24,3,5,0,good,mild
24,0,3,0,harm,severe
24,0,4,1,harm,mild
24,3,3,1,harm,mild
24,2,3,0,good,mild
24,0,5,0,good,severe
24,1,4,1,good,mild
24,2,3,0,harm,mild
24,2,3,1,harm,severe
24,4,5,0,good,severe
24,4,2,1,harm,mild
66,0,3,0,harm,severe
66,1,6,1,harm,severe
66,3,7,0,good,mild
66,3,5,0,harm,severe
66,4,7,1,good,severe
66,1,7,0,good,mild
66,0,6,1,good,mild
66,2,4,1,harm,mild
66,1,2,0,harm,severe
66,4,6,0,good,severe
66,2,6,0,good,mild
66,4,2,0,harm,severe
66,4,2,1,harm,severe
66,4,4,1,harm,mild
66,1,3,0,harm,mild
66,3,4,1,harm,severe
66,4,4,0,harm,mild
66,1,6,1,good,mild
66,1,7,0,good,severe
66,2,5,1,good,mild
66,3,4,0,harm,mild
66,3,6,0,good,severe
66,4,6,1,good,mild
66,0,2,1,harm,severe
66,0,5,1,good,severe
66,1,7,1,good,severe
66,2,6,1,good,severe
66,0,6,0,good,severe
66,1,3,1,harm,mild
66,2,3,0,harm,mild
66,3,7,1,good,severe
66,4,6,0,good,mild
66,2,2,0,harm,severe
66,0,6,0,good,mild
66,3,3,1,harm,mild
66,0,3,0,harm,mild
66,0,2,1,harm,mild
66,2,2,1,harm,severe
66,3,5,1,good,mild
66,2,7,0,good,severe
61,3,3,1,harm,mild
61,2,7,0,good,mild
61,0,1,0,harm,severe
61,4,7,1,good,mild
61,3,7,1,good,severe
61,4,7,1,good,severe
61,4,1,0,harm,severe
61,2,7,1,good,severe
61,2,7,0,good,severe
61,0,3,0,harm,mild
61,4,3,0,harm,mild
61,1,1,0,harm,severe
61,2,5,1,good,mild
61,4,7,0,good,mild
61,1,7,0,good,mild
61,2,1,0,harm,severe
61,0,7,1,good,severe
61,3,1,0,harm,severe
61,4,5,0,good,severe
61,3,7,0,good,mild
61,3,5,1,good,mild
61,1,5,1,good,mild
61,1,3,0,harm,mild
61,2,1,1,harm,severe
61,2,3,1,harm,mild
61,3,3,1,harm,severe
61,0,5,0,good,mild
61,1,1,1,harm,severe
61,3,6,0,good,severe
61,1,7,1,good,severe
61,2,3,0,harm,mild
61,4,1,1,harm,severe
61,0,3,1,harm,mild
61,0,6,1,good,mild
61,0,7,0,good,severe
61,0,1,1,harm,severe
61,4,3,1,harm,mild
61,1,3,1,harm,mild
61,1,7,0,good,severe
61,3,3,0,harm,mild
28,2,2,1,harm,mild
28,4,1,1,harm,severe
28,3,3,1,harm,mild
28,0,7,1,good,severe
28,2,7,1,good,severe
28,2,2,0,harm,severe
28,0,6,1,good,mild
28,4,6,0,good,severe
28,1,7,0,good,severe
28,0,2,1,harm,mild
28,4,5,1,good,mild
28,1,1,1,harm,severe
28,1,1,0,harm,severe
28,3,7,1,good,severe
28,2,3,0,harm,mild
28,4,4,0,harm,mild
28,0,1,0,harm,severe
28,1,7,1,good,severe
28,4,1,0,harm,severe
28,1,3,0,harm,mild
28,1,3,1,harm,mild
28,2,5,0,good,mild
28,4,3,1,harm,mild
28,3,7,0,good,severe
28,0,1,1,harm,severe
28,1,5,0,good,mild
28,3,5,0,good,mild
28,0,3,0,harm,mild
28,3,2,1,harm,severe
28,3,5,1,good,mild
28,2,5,1,good,mild
28,3,3,0,harm,mild
28,2,7,0,good,severe
28,3,1,0,harm,severe
28,0,6,0,good,mild
28,1,5,1,good,mild
28,4,5,0,good,mild
28,2,2,1,harm,severe
28,0,6,0,good,severe
28,4,6,1,good,severe
27,3,6,1,harm,mild
27,2,7,1,good,severe
27,1,6,1,good,mild
27,4,4,1,harm,severe
27,0,2,1,harm,severe
27,2,6,0,harm,mild
27,3,6,0,good,mild
27,2,6,0,good,mild
27,1,3,0,harm,mild
27,0,7,1,good,mild
27,2,6,1,harm,severe
27,4,7,1,good,severe
27,0,2,0,harm,severe
27,3,7,0,good,severe
27,4,6,0,harm,mild
27,1,5,0,harm,severe
27,4,4,1,harm,mild
27,2,2,0,harm,severe
27,2,7,0,good,severe
27,3,5,1,good,mild
27,1,6,0,good,mild
27,4,6,1,good,mild
27,2,6,1,good,mild
27,3,7,1,good,severe
27,0,7,0,good,severe
27,3,4,0,harm,mild
27,3,1,0,harm,severe
27,1,4,1,harm,mild
27,3,3,1,harm,severe
27,4,7,0,good,mild
27,0,6,1,good,severe
27,1,7,0,good,severe
27,1,1,1,harm,severe
27,0,7,0,good,mild
27,0,4,1,harm,mild
27,4,7,0,good,severe
27,0,4,0,harm,mild
27,4,3,0,harm,severe
27,2,4,1,harm,mild
27,1,7,1,good,severe
73,1,6,0,good,severe
73,4,5,1,good,severe
73,4,2,0,harm,mild
73,1,6,1,good,severe
73,0,2,0,harm,severe
73,4,4,1,harm,severe
73,1,5,1,good,mild
73,3,3,0,harm,severe
73,2,3,0,harm,mild
73,3,3,0,harm,mild
73,0,7,0,good,severe
73,1,1,0,harm,severe
73,4,4,0,harm,severe
73,1,5,0,harm,mild
73,2,7,0,good,severe
73,0,2,1,harm,severe
73,3,7,1,good,mild
73,2,5,1,harm,mild
73,2,6,1,good,mild
73,1,6,0,good,mild
73,4,6,1,good,mild
73,3,7,1,good,severe
73,2,6,0,good,mild
73,3,2,1,harm,mild
73,1,1,1,harm,severe
73,4,6,0,good,severe
73,2,2,1,harm,severe
73,1,5,1,harm,mild
73,2,6,1,good,severe
73,3,7,0,good,mild
73,4,7,0,good,mild
73,0,7,0,good,mild
73,3,7,0,good,severe
73,3,3,1,harm,severe
73,4,1,1,harm,mild
73,0,5,1,good,mild
73,0,5,1,good,severe
73,0,2,0,harm,mild
73,2,2,0,harm,severe
73,0,3,1,harm,mild
79,6,1,1,harm,severe
79,5,1,1,harm,severe
79,7,1,0,harm,severe
79,7,6,0,good,mild
79,8,5,1,good,mild
79,6,3,0,harm,severe
79,8,2,1,harm,mild
79,6,2,0,harm,mild
79,5,7,1,good,severe
79,8,7,0,good,severe
79,5,7,0,good,severe
79,6,5,0,good,mild
79,9,7,0,good,severe
79,6,7,0,good,severe
79,9,6,0,harm,mild
79,6,7,1,good,severe
79,9,1,0,harm,severe
79,9,5,0,good,mild
79,9,1,1,harm,mild
79,9,1,1,harm,severe
79,8,6,1,good,severe
79,8,7,0,good,mild
79,7,7,1,good,severe
79,5,3,0,harm,severe
79,5,7,1,good,mild
79,6,6,1,good,mild
79,5,4,0,harm,mild
79,7,6,1,good,mild
79,5,4,1,harm,mild
79,7,6,0,good,severe
79,7,4,0,harm,mild
79,5,5,0,good,mild
79,9,2,1,good,mild
79,7,3,1,harm,severe
79,6,6,1,harm,mild
79,8,2,0,harm,severe
79,8,6,0,harm,mild
79,8,3,1,harm,severe
79,9,7,1,good,severe
79,7,3,1,harm,mild
91,6,7,1,good,mild
91,7,7,0,good,severe
91,8,6,0,good,severe
91,8,7,1,good,severe
91,5,3,0,harm,mild
91,6,6,1,harm,severe
91,6,7,1,good,severe
91,8,3,0,harm,mild
91,8,5,1,harm,mild
91,9,7,0,good,severe
91,9,6,1,good,severe
91,5,7,1,good,severe
91,9,7,1,good,mild
91,6,4,0,harm,severe
91,6,3,1,harm,mild
91,7,3,1,harm,mild
91,7,6,1,good,mild
91,8,5,1,good,mild
91,5,6,0,good,severe
91,9,1,1,harm,severe
91,6,7,0,good,severe
91,7,6,0,harm,mild
91,5,3,1,harm,mild
91,8,1,1,harm,severe
91,5,1,0,harm,severe
91,7,6,1,good,severe
91,8,7,0,good,mild
91,5,7,1,good,mild
91,5,7,0,good,mild
91,7,1,0,harm,severe
91,7,5,0,good,mild
91,9,1,1,harm,mild
91,9,6,0,good,mild
91,7,1,1,harm,severe
91,6,4,0,good,mild
91,8,1,0,harm,severe
91,9,1,0,harm,severe
91,6,4,0,harm,mild
91,9,4,0,harm,mild
91,5,1,1,harm,severe
105,7,7,0,good,mild
105,6,4,1,harm,mild
105,8,5,1,good,mild
105,5,3,1,harm,mild
105,8,2,0,harm,mild
105,9,7,1,good,mild
105,8,1,1,harm,severe
105,7,1,1,harm,severe
105,9,1,0,harm,severe
105,5,3,1,harm,severe
105,7,7,0,good,severe
105,5,7,1,good,severe
105,8,5,0,good,severe
105,6,1,0,harm,severe
105,9,1,1,harm,mild
105,5,4,0,harm,mild
105,5,5,0,good,mild
105,5,7,1,good,mild
105,9,7,1,good,severe
105,6,2,0,harm,mild
105,6,5,0,good,mild
105,7,3,1,harm,mild
105,6,5,1,good,mild
105,9,7,0,good,severe
105,7,1,0,harm,severe
105,6,7,0,good,severe
105,9,3,0,harm,mild
105,7,7,1,good,severe
105,5,7,0,good,severe
105,9,5,0,good,mild
105,8,3,1,harm,mild
105,9,2,1,harm,severe
105,8,7,1,good,severe
105,8,1,0,harm,severe
105,7,5,1,good,mild
105,8,6,0,good,mild
105,6,2,1,good,severe
105,6,3,1,harm,severe
105,7,3,0,harm,mild
105,5,1,0,harm,severe
102,6,7,0,good,severe
102,7,2,1,harm,severe
102,5,2,0,harm,severe
102,9,4,0,harm,mild
102,8,5,1,good,mild
102,7,7,0,good,severe
102,8,5,1,harm,mild
102,6,1,0,harm,severe
102,8,6,0,good,mild
102,5,3,1,harm,mild
102,9,6,0,good,mild
102,7,6,0,good,mild
102,8,4,0,harm,mild
102,7,1,0,harm,severe
102,8,1,1,harm,severe
102,9,3,1,harm,mild
102,6,4,0,good,mild
102,5,6,1,good,severe
102,8,7,1,good,severe
102,8,1,0,harm,severe
102,9,3,1,harm,severe
102,5,6,0,good,mild
102,6,3,1,good,severe
102,5,7,0,good,severe
102,9,7,1,good,mild
102,9,7,0,good,severe
102,6,4,1,harm,mild
102,6,2,0,harm,mild
102,9,6,1,good,severe
102,7,3,1,harm,mild
102,7,7,1,good,severe
102,6,1,1,harm,severe
102,8,7,0,good,severe
102,5,7,1,good,mild
102,9,3,0,harm,severe
102,7,3,0,harm,mild
102,6,6,1,good,mild
102,5,4,1,harm,severe
102,5,3,0,harm,mild
102,7,7,1,good,mild
103,9,5,0,good,mild
103,5,5,0,good,severe
103,7,1,1,harm,severe
103,8,3,1,harm,mild
103,6,3,0,harm,mild
103,7,5,1,good,mild
103,8,5,0,good,mild
103,9,4,0,harm,mild
103,8,1,1,harm,severe
103,8,6,0,good,severe
103,6,2,1,harm,severe
103,7,7,0,good,severe
103,5,4,0,harm,mild
103,6,4,0,good,mild
103,7,5,0,good,mild
103,8,5,1,good,mild
103,5,2,1,harm,mild
103,6,1,0,harm,severe
103,9,6,1,good,mild
103,8,1,0,harm,severe
103,5,5,1,good,mild
103,6,2,1,good,severe
103,5,2,1,harm,severe
103,6,6,1,harm,mild
103,5,6,1,good,severe
103,6,5,1,good,mild
103,6,6,0,good,severe
103,9,1,0,harm,severe
103,9,7,0,good,severe
103,9,1,1,harm,mild
103,7,6,1,good,severe
103,7,1,0,harm,severe
103,7,3,0,harm,mild
103,8,4,0,harm,mild
103,5,1,0,harm,severe
103,9,1,1,harm,severe
103,9,6,1,good,severe
103,5,5,0,good,mild
103,8,5,1,good,severe
103,7,3,1,harm,mild
99,5,4,0,good,mild
99,5,4,1,harm,mild
99,6,4,1,harm,severe
99,9,5,0,good,mild
99,6,4,0,harm,mild
99,8,3,1,harm,mild
99,5,5,1,good,mild
99,8,6,1,good,severe
99,5,4,0,harm,mild
99,6,5,1,good,mild
99,7,5,1,good,mild
99,8,1,0,good,severe
99,5,4,0,good,severe
99,8,3,0,harm,severe
99,6,4,1,harm,mild
99,6,1,0,harm,severe
99,9,6,0,good,severe
99,9,5,1,good,mild
99,7,5,0,good,severe
99,7,1,1,harm,severe
99,7,6,0,good,mild
99,8,2,0,harm,mild
99,5,4,1,good,severe
99,9,4,0,harm,mild
99,8,5,1,good,mild
99,5,2,1,harm,severe
99,9,5,1,good,severe
99,8,4,0,good,mild
99,6,5,0,good,severe
99,8,3,1,harm,severe
99,9,3,1,harm,mild
99,7,3,1,harm,mild
99,7,1,0,harm,severe
99,7,3,0,harm,mild
99,7,5,1,good,severe
99,6,4,0,good,mild
99,9,2,0,harm,severe
99,5,1,0,harm,severe
99,9,3,1,harm,severe
99,6,5,1,good,severe
87,5,2,0,harm,severe
87,7,7,0,good,severe
87,9,6,1,good,severe
87,5,7,1,good,severe
87,6,2,1,harm,severe
87,9,4,0,harm,mild
87,5,4,0,harm,mild
87,7,3,1,harm,mild
87,8,5,1,good,mild
87,8,6,0,good,mild
87,8,1,1,harm,severe
87,8,4,1,harm,mild
87,5,7,0,good,mild
87,6,7,0,good,severe
87,6,7,1,good,severe
87,7,6,1,good,mild
87,6,2,0,harm,severe
87,5,7,0,good,severe
87,9,7,1,good,mild
87,7,3,0,harm,mild
87,8,7,1,good,severe
87,7,3,1,harm,severe
87,9,6,0,good,severe
87,9,3,1,harm,severe
87,5,6,1,good,mild
87,6,4,0,harm,mild
87,7,2,0,harm,severe
87,6,4,0,good,mild
87,9,2,1,harm,mild
87,5,4,1,harm,mild
87,7,7,1,good,severe
87,8,3,0,harm,severe
87,7,6,0,good,mild
87,5,3,1,harm,severe
87,8,3,0,harm,mild
87,6,4,1,harm,mild
87,6,5,1,good,mild
87,9,6,0,good,mild
87,8,7,0,good,severe
87,9,1,0,harm,severe
96,7,4,0,harm,mild
96,6,3,1,harm,severe
96,5,7,1,good,mild
96,9,4,1,harm,severe
96,6,3,0,harm,mild
96,7,6,0,good,severe
96,6,4,0,harm,severe
96,5,2,1,harm,severe
96,6,6,1,good,severe
96,8,6,0,good,mild
96,8,3,0,harm,severe
96,8,4,1,harm,mild
96,9,1,0,harm,severe
96,9,6,0,good,mild
96,5,7,1,good,severe
96,9,3,1,harm,mild
96,5,2,0,harm,severe
96,8,3,0,harm,mild
96,7,2,1,harm,severe
96,8,7,0,good,severe
96,8,1,1,harm,severe
96,6,4,0,good,mild
96,6,6,1,good,mild
96,7,6,1,good,severe
96,8,5,1,good,mild
96,6,3,1,harm,mild
96,7,1,0,harm,severe
96,9,4,0,harm,mild
96,9,6,0,good,severe
96,7,6,0,good,mild
96,9,7,1,good,severe
96,5,4,0,harm,mild
96,5,4,1,harm,mild
96,7,5,1,good,mild
96,9,6,1,good,mild
96,6,7,0,good,severe
96,8,5,1,good,severe
96,5,6,0,good,mild
96,5,7,0,good,severe
96,7,4,1,harm,mild
90,6,7,1,good,mild
90,6,3,0,harm,severe
90,7,5,0,harm,mild
90,6,2,1,harm,severe
90,9,7,0,good,mild
90,8,3,1,good,mild
90,7,7,0,good,mild
90,5,7,0,good,mild
90,7,1,0,harm,severe
90,5,2,0,harm,severe
90,5,1,1,harm,severe
90,9,7,0,good,severe
90,9,5,1,harm,mild
90,5,3,1,harm,mild
90,6,5,0,good,mild
90,6,4,0,harm,mild
90,6,5,1,harm,mild
90,5,5,1,good,mild
90,7,7,1,good,severe
90,7,3,1,harm,mild
90,6,1,1,good,severe
90,8,5,0,good,mild
90,8,7,1,good,severe
90,9,6,1,good,mild
90,9,5,1,good,severe
90,7,7,0,good,severe
90,6,5,0,good,severe
90,8,6,0,good,severe
90,7,7,1,good,mild
90,8,3,0,harm,mild
90,5,5,1,good,severe
90,8,3,0,harm,severe
90,9,3,0,harm,severe
90,9,1,1,harm,severe
90,8,3,1,harm,mild
90,9,3,0,harm,mild
90,5,5,0,harm,mild
90,7,3,1,harm,severe
90,5,7,0,good,severe
90,8,2,1,harm,severe
77,7,3,1,harm,mild
77,6,4,0,harm,mild
77,6,6,0,good,severe
77,9,5,0,harm,mild
77,6,6,1,good,severe
77,6,3,0,harm,severe
77,7,3,0,harm,mild
77,5,5,1,good,severe
77,5,6,0,good,mild
77,8,6,0,good,mild
77,8,6,1,good,severe
77,7,1,0,harm,severe
77,9,6,0,good,severe
77,5,5,1,harm,mild
77,9,2,1,harm,severe
77,6,5,1,good,mild
77,7,6,0,good,severe
77,5,6,1,good,mild
77,8,2,0,harm,severe
77,9,6,1,good,severe
77,7,5,1,good,mild
77,9,5,1,good,mild
77,8,7,0,good,severe
77,5,3,0,harm,mild
77,6,5,0,good,mild
77,5,6,0,good,severe
77,6,3,1,harm,mild
77,8,2,1,harm,severe
77,9,1,0,harm,severe
77,7,6,0,good,mild
77,5,4,1,harm,severe
77,8,2,1,harm,mild
77,8,5,1,good,mild
77,6,2,1,harm,severe
77,7,2,1,harm,severe
77,9,5,0,good,mild
77,7,7,1,good,severe
77,8,3,0,harm,mild
77,9,3,1,harm,mild
77,5,3,0,harm,severe
84,8,5,1,good,mild
84,5,6,1,good,mild
84,7,7,0,good,severe
84,6,3,1,harm,mild
84,5,6,0,good,severe
84,7,3,1,harm,mild
84,8,1,1,harm,severe
84,7,4,0,harm,mild
84,8,6,1,good,severe
84,5,2,0,harm,severe
84,8,6,0,good,mild
84,6,2,1,harm,severe
84,9,4,1,harm,mild
84,6,2,0,harm,severe
84,9,7,1,good,severe
84,5,4,0,harm,mild
84,9,5,0,good,mild
84,7,1,0,harm,severe
84,8,5,0,good,severe
84,6,5,1,good,mild
84,9,7,0,good,severe
84,5,5,0,good,mild
84,7,6,1,good,severe
84,6,4,0,good,mild
84,9,5,1,good,mild
84,7,3,1,harm,severe
84,7,6,0,good,mild
84,6,6,1,good,severe
84,6,4,0,harm,mild
84,8,4,1,harm,mild
84,5,2,1,harm,severe
84,5,6,1,good,severe
84,7,5,1,good,mild
84,8,2,0,harm,severe
84,9,1,1,harm,severe
84,5,4,1,harm,mild
84,9,3,0,harm,mild
84,8,3,0,harm,mild
84,6,7,0,good,severe
84,9,1,0,harm,severe
85,8,7,1,good,severe
85,7,1,0,harm,severe
85,9,5,0,good,mild
85,5,6,1,good,mild
85,6,7,0,good,severe
85,7,5,1,good,mild
85,8,3,1,harm,mild
85,6,4,0,good,mild
85,9,3,0,harm,mild
85,6,7,1,good,severe
85,8,5,0,good,mild
85,5,3,1,harm,mild
85,9,6,0,good,severe
85,7,3,1,harm,mild
85,9,2,1,harm,severe
85,8,2,1,harm,severe
85,8,5,1,good,mild
85,8,2,0,harm,severe
85,9,1,0,harm,severe
85,5,7,0,good,severe
85,9,2,1,harm,mild
85,7,3,0,harm,mild
85,5,5,0,good,mild
85,7,2,1,harm,severe
85,6,1,1,harm,severe
85,9,7,1,good,severe
85,9,5,1,good,mild
85,8,3,0,harm,mild
85,7,5,0,good,mild
85,5,2,0,harm,severe
85,6,1,0,harm,severe
85,5,3,0,harm,mild
85,5,4,1,harm,severe
85,6,3,0,harm,mild
85,5,7,1,good,severe
85,6,6,1,good,mild
85,7,6,0,good,severe
85,8,7,0,good,severe
85,6,3,1,harm,mild
85,7,6,1,good,severe
88,7,6,1,good,mild
88,8,6,1,good,severe
88,7,7,0,good,severe
88,7,3,1,harm,severe
88,8,4,0,good,mild
88,8,3,1,harm,mild
88,7,6,0,good,mild
88,6,7,0,good,severe
88,6,4,0,harm,mild
88,9,1,0,harm,severe
88,5,1,0,harm,severe
88,9,5,1,good,mild
88,5,6,0,harm,mild
88,6,4,0,harm,severe
88,7,3,0,harm,severe
88,5,5,1,harm,severe
88,5,7,0,good,severe
88,9,5,0,good,severe
88,5,7,1,good,severe
88,6,3,1,harm,mild
88,9,6,0,good,mild
88,5,7,0,good,mild
88,5,5,1,harm,mild
88,6,5,0,good,mild
88,9,4,1,harm,severe
88,5,5,1,good,mild
88,7,7,1,good,severe
88,6,5,1,good,severe
88,8,3,0,harm,severe
88,6,6,1,good,mild
88,9,7,0,harm,mild
88,6,3,1,harm,severe
88,8,1,1,harm,severe
88,9,6,1,good,severe
88,8,5,1,good,mild
88,7,4,0,harm,mild
88,8,7,0,good,severe
88,8,3,0,harm,mild
88,7,4,1,harm,mild
88,9,1,1,harm,mild
92,9,3,0,harm,severe
92,5,5,0,harm,mild
92,9,6,1,good,severe
92,9,5,0,good,severe
92,7,3,0,harm,mild
92,7,5,0,good,severe
92,6,5,1,good,severe
92,7,3,1,harm,mild
92,5,5,0,good,mild
92,8,6,0,good,severe
92,8,4,0,harm,mild
92,8,3,1,harm,mild
92,7,3,0,good,mild
92,8,5,0,good,mild
92,8,6,1,good,severe
92,8,3,1,harm,severe
92,9,6,0,good,mild
92,6,6,0,good,severe
92,7,6,1,good,mild
92,6,3,0,harm,severe
92,5,2,0,harm,severe
92,9,3,1,harm,severe
92,6,5,0,good,mild
92,6,5,1,good,mild
92,6,2,1,harm,severe
92,8,3,0,harm,severe
92,5,6,0,good,severe
92,5,3,1,harm,severe
92,6,5,0,harm,mild
92,5,4,1,harm,mild
92,7,6,1,good,severe
92,7,3,1,harm,severe
92,8,5,1,good,mild
92,9,3,1,harm,mild
92,5,5,1,good,mild
92,6,3,1,harm,mild
92,5,6,1,good,severe
92,9,5,1,good,mild
92,7,2,0,harm,severe
92,9,3,0,harm,mild
93,6,6,1,good,severe
93,8,4,0,good,mild
93,8,1,0,harm,severe
93,9,6,1,good,mild
93,5,6,1,good,mild
93,5,2,1,harm,severe
93,8,7,0,good,severe
93,7,4,1,harm,mild
93,6,6,0,good,mild
93,5,6,0,harm,mild
93,7,1,0,harm,severe
93,7,6,1,good,mild
93,6,4,1,harm,mild
93,6,2,0,harm,mild
93,6,6,1,good,mild
93,9,6,1,harm,mild
93,5,1,0,harm,severe
93,8,7,1,good,severe
93,9,6,0,good,mild
93,8,4,0,harm,mild
93,7,2,1,harm,severe
93,6,1,1,harm,severe
93,6,4,0,harm,severe
93,7,7,0,good,severe
93,7,6,1,good,severe
93,9,7,1,good,severe
93,9,7,0,good,severe
93,5,6,0,good,severe
93,7,6,0,good,mild
93,8,6,1,good,mild
93,9,2,1,harm,severe
93,9,1,0,harm,severe
93,9,4,0,harm,mild
93,8,6,1,harm,mild
93,7,4,0,harm,mild
93,5,4,1,harm,mild
93,5,7,1,good,severe
93,8,1,1,harm,severe
93,5,6,0,good,mild
93,6,7,0,good,severe
83,6,4,1,harm,mild
83,5,7,1,good,severe
83,9,5,0,good,mild
83,6,4,0,harm,mild
83,9,4,0,harm,mild
83,8,2,0,harm,severe
83,9,2,0,harm,severe
83,9,6,1,good,severe
83,8,4,1,good,mild
83,5,3,0,harm,mild
83,9,5,1,good,mild
83,7,3,1,harm,mild
83,5,5,0,good,mild
83,8,6,0,good,severe
83,9,4,1,harm,mild
83,7,5,0,good,mild
83,8,1,1,harm,severe
83,6,5,1,good,mild
83,8,4,0,good,mild
83,7,5,0,good,severe
83,8,3,1,harm,mild
83,7,4,0,harm,mild
83,7,5,1,good,severe
83,6,4,1,harm,severe
83,5,6,0,good,severe
83,8,5,1,good,severe
83,5,4,1,harm,severe
83,9,5,0,good,severe
83,6,3,0,harm,severe
83,7,3,0,harm,severe
83,6,7,0,good,severe
83,5,4,1,good,mild
83,5,2,0,harm,severe
83,6,4,0,good,mild
83,8,3,0,harm,mild
83,7,5,1,good,mild
83,6,6,1,good,severe
83,5,3,1,harm,mild
83,9,3,1,harm,severe
83,7,4,1,harm,severe
86,9,6,0,harm,severe
86,6,2,0,harm,mild
86,5,6,1,harm,mild
86,7,7,1,harm,mild
86,8,3,1,good,mild
86,6,6,1,harm,severe
86,8,6,0,good,severe
86,9,2,1,harm,mild
86,6,5,1,harm,mild
86,5,7,0,good,severe
86,9,4,0,harm,mild
86,8,6,1,harm,severe
86,8,6,1,good,severe
86,8,6,1,harm,mild
86,9,2,1,harm,severe
86,8,6,0,harm,mild
86,7,6,1,harm,severe
86,7,7,1,good,mild
86,5,5,0,harm,mild
86,6,6,0,harm,severe
86,7,6,0,harm,severe
86,6,3,1,good,severe
86,5,5,1,good,severe
86,6,5,1,good,mild
86,6,5,0,good,mild
86,7,7,1,good,severe
86,9,6,0,good,mild
86,9,7,0,good,severe
86,8,7,0,harm,severe
86,5,6,1,good,mild
86,7,6,0,good,severe
86,7,6,0,good,mild
86,5,6,0,harm,severe
86,9,6,1,good,mild
86,6,3,0,good,severe
86,5,6,0,good,mild
86,9,7,1,good,severe
86,7,5,0,harm,mild
86,8,6,0,good,mild
86,5,2,1,harm,severe
95,5,3,1,harm,mild
95,9,6,0,good,mild
95,9,3,1,harm,mild
95,7,1,0,harm,severe
95,5,7,1,good,severe
95,6,4,1,harm,mild
95,9,7,0,good,severe
95,8,3,1,harm,mild
95,7,5,1,good,mild
95,5,5,1,good,mild
95,8,1,0,harm,severe
95,8,3,0,harm,mild
95,9,7,1,good,severe
95,9,1,0,harm,severe
95,6,7,0,good,severe
95,8,4,1,good,mild
95,7,3,0,harm,mild
95,6,4,0,harm,mild
95,6,2,1,harm,severe
95,7,6,0,good,mild
95,8,5,0,good,mild
95,5,6,0,good,mild
95,6,3,0,harm,severe
95,6,6,1,good,mild
95,5,7,0,good,severe
95,8,6,1,good,severe
95,8,7,0,good,severe
95,7,7,0,good,severe
95,7,7,1,good,severe
95,9,1,1,harm,severe
95,6,5,0,good,mild
95,8,1,1,harm,severe
95,5,5,0,harm,mild
95,7,2,1,harm,severe
95,9,3,0,harm,mild
95,6,4,1,good,severe
95,5,3,1,harm,severe
95,7,4,1,harm,mild
95,9,7,1,good,mild
95,5,1,0,harm,severe
98,5,7,0,good,mild
98,9,4,0,harm,mild
98,5,4,0,harm,mild
98,9,6,1,good,mild
98,5,7,0,good,severe
98,6,2,1,harm,severe
98,6,4,0,good,mild
98,5,2,0,harm,severe
98,9,7,0,good,mild
98,7,6,1,good,severe
98,9,1,0,harm,severe
98,9,7,1,good,severe
98,9,7,0,good,severe
98,7,3,1,harm,mild
98,8,2,0,harm,severe
98,7,6,1,good,mild
98,9,2,1,harm,severe
98,6,5,1,harm,mild
98,7,3,1,harm,severe
98,7,3,0,harm,mild
98,5,7,1,good,severe
98,8,1,1,harm,severe
98,6,5,1,good,mild
98,8,3,1,harm,mild
98,8,6,1,good,severe
98,8,7,0,good,severe
98,9,3,1,harm,mild
98,6,6,0,good,severe
98,7,6,0,good,severe
98,8,3,0,harm,mild
98,8,5,1,good,mild
98,6,1,0,harm,severe
98,6,5,1,good,severe
98,7,5,0,good,mild
98,6,4,0,harm,mild
98,5,6,1,good,mild
98,7,1,0,harm,severe
98,5,3,1,harm,mild
98,8,5,0,good,mild
98,5,4,1,harm,severe
106,5,4,1,harm,mild
106,9,1,0,harm,severe
106,9,5,1,good,severe
106,9,7,0,good,severe
106,6,5,0,harm,severe
106,8,6,0,good,severe
106,9,5,0,good,mild
106,9,5,1,harm,mild
106,6,7,0,good,severe
106,5,6,0,good,mild
106,9,7,1,good,mild
106,8,6,1,good,severe
106,7,5,1,good,mild
106,8,4,1,harm,mild
106,6,3,0,harm,mild
106,7,2,1,harm,severe
106,5,6,1,good,mild
106,8,5,0,good,mild
106,8,5,1,good,mild
106,5,4,0,harm,mild
106,7,6,0,good,mild
106,7,4,1,harm,mild
106,8,1,0,harm,severe
106,6,2,1,harm,severe
106,6,4,0,good,mild
106,9,2,1,harm,severe
106,6,6,1,good,mild
106,8,3,0,harm,mild
106,6,5,1,harm,mild
106,7,4,0,harm,mild
106,7,6,1,good,severe
106,8,1,1,harm,severe
106,9,4,0,harm,mild
106,5,7,0,good,severe
106,5,7,1,good,severe
106,7,1,0,harm,severe
106,5,1,0,harm,severe
106,7,7,0,good,severe
106,6,3,1,good,severe
106,5,2,1,harm,severe
111,4,4,0,harm,mild
111,3,6,0,good,mild
111,4,7,0,good,severe
111,3,3,1,harm,severe
111,4,7,1,good,severe
111,4,4,1,harm,mild
111,4,1,0,harm,severe
111,2,7,0,good,mild
111,1,3,1,harm,severe
111,3,6,0,good,severe
111,2,2,1,harm,severe
111,1,7,1,good,mild
111,2,6,0,good,severe
111,0,7,0,good,severe
111,0,1,0,harm,severe
111,1,6,0,good,mild
111,0,6,0,good,mild
111,2,6,1,good,severe
111,0,6,1,good,severe
111,4,7,0,good,mild
111,3,3,1,harm,mild
111,1,7,0,good,severe
111,1,1,0,harm,severe
111,3,5,1,good,mild
111,2,2,0,harm,mild
111,4,2,1,harm,severe
111,0,3,1,harm,mild
111,0,1,1,harm,severe
111,4,5,1,good,mild
111,2,3,1,harm,mild
111,3,3,0,harm,mild
111,1,3,0,harm,mild
111,2,2,0,harm,severe
111,1,2,1,harm,mild
111,0,2,0,harm,mild
111,1,7,1,good,severe
111,2,5,1,good,mild
111,3,7,1,good,severe
111,3,1,0,harm,severe
111,0,6,1,good,mild
115,0,6,0,harm,mild
115,4,6,1,harm,severe
115,2,7,1,harm,mild
115,3,6,0,harm,mild
115,1,5,1,good,mild
115,4,7,0,harm,severe
115,0,6,0,good,severe
115,4,5,0,good,mild
115,2,6,0,harm,mild
115,4,6,1,good,severe
115,0,6,1,good,severe
115,4,3,1,good,mild
115,0,4,0,harm,severe
115,3,6,1,good,severe
115,4,6,0,good,severe
115,0,5,0,good,mild
115,1,5,0,harm,severe
115,1,6,1,harm,severe
115,2,3,1,good,mild
115,0,3,1,harm,severe
115,1,5,1,good,severe
115,0,4,1,harm,mild
115,2,4,0,good,mild
115,3,6,1,harm,severe
115,3,4,0,good,mild
115,1,3,0,harm,mild
115,1,5,0,good,severe
115,2,6,0,good,severe
115,3,5,1,harm,mild
115,3,4,1,good,mild
115,1,6,0,good,mild
115,4,6,1,harm,mild
115,2,6,1,good,severe
115,3,6,0,good,severe
115,1,5,1,harm,mild
115,4,6,0,harm,mild
115,2,5,1,harm,severe
115,0,4,1,good,mild
115,2,4,0,harm,severe
115,3,2,0,harm,severe
94,2,7,0,good,severe
94,0,7,1,good,severe
94,4,5,1,good,severe
94,2,3,1,harm,mild
94,3,7,1,good,mild
94,0,6,0,good,mild
94,1,7,1,good,severe
94,2,3,0,harm,severe
94,3,6,0,good,severe
94,0,7,1,good,mild
94,2,5,1,good,mild
94,2,3,1,harm,severe
94,0,4,0,harm,mild
94,3,5,1,harm,severe
94,3,7,1,good,severe
94,4,2,1,harm,severe
94,3,3,1,harm,mild
94,1,4,0,harm,mild
94,4,1,0,harm,severe
94,0,7,0,good,severe
94,1,1,0,harm,severe
94,1,6,1,harm,mild
94,1,7,1,good,mild
94,3,2,0,harm,severe
94,3,6,0,harm,mild
94,2,7,1,good,severe
94,2,6,0,harm,mild
94,4,6,1,good,mild
94,3,7,0,good,mild
94,4,3,1,harm,mild
94,4,3,0,harm,mild
94,1,7,0,good,mild
94,1,7,0,good,severe
94,4,6,0,good,mild
94,1,1,1,harm,severe
94,0,1,1,harm,severe
94,0,1,0,harm,severe
94,4,7,0,good,severe
94,0,5,1,harm,mild
94,2,7,0,good,mild
116,1,7,1,good,mild
116,0,7,1,good,severe
116,2,1,1,harm,severe
116,2,6,0,good,severe
116,4,3,0,harm,mild
116,2,6,1,good,severe
116,4,7,1,good,mild
116,0,3,0,harm,mild
116,4,6,0,good,severe
116,0,2,0,harm,severe
116,2,1,0,harm,severe
116,4,6,1,good,severe
116,0,7,0,good,mild
116,2,4,1,harm,mild
116,0,1,1,harm,severe
116,1,1,1,harm,severe
116,1,6,0,harm,mild
116,4,7,0,good,mild
116,1,6,0,good,severe
116,2,5,0,good,mild
116,3,5,0,good,severe
116,3,7,0,good,mild
116,3,6,1,good,severe
116,3,1,0,harm,severe
116,4,2,1,harm,mild
116,2,4,1,good,mild
116,0,6,0,good,severe
116,3,4,1,harm,mild
116,4,2,0,harm,severe
116,1,1,0,harm,severe
116,0,6,1,good,mild
116,1,6,0,good,mild
116,1,3,1,harm,mild
116,3,3,1,harm,severe
116,4,2,1,harm,severe
116,1,7,1,good,severe
116,3,3,0,harm,mild
116,0,4,1,harm,mild
116,3,4,1,good,mild
116,2,3,0,harm,mild
101,0,3,0,harm,mild
101,4,1,0,harm,severe
101,2,2,0,harm,severe
101,4,2,1,harm,mild
101,1,1,0,harm,mild
101,3,7,1,good,severe
101,0,3,1,harm,mild
101,4,7,0,good,mild
101,0,1,1,harm,severe
101,3,6,1,good,mild
101,3,2,1,harm,mild
101,0,7,1,good,mild
101,2,2,1,harm,severe
101,2,5,1,harm,mild
101,2,7,0,good,severe
101,4,2,1,harm,severe
101,4,7,1,good,severe
101,3,4,0,harm,mild
101,0,2,0,harm,severe
101,2,4,0,harm,mild
101,1,7,0,good,severe
101,1,6,1,harm,mild
101,3,7,0,good,mild
101,2,6,0,good,mild
101,2,5,1,good,mild
101,1,5,1,good,mild
101,2,7,1,good,severe
101,1,6,0,good,mild
101,3,1,1,harm,severe
101,1,2,0,harm,severe
101,1,7,1,good,severe
101,3,7,0,good,severe
101,1,2,1,harm,severe
101,0,7,0,good,mild
101,3,1,0,harm,severe
101,4,4,0,harm,mild
101,0,7,1,good,severe
101,4,7,1,good,mild
101,4,7,0,good,severe
101,0,7,0,good,severe
81,3,5,0,harm,mild
81,0,7,1,good,mild
81,4,7,1,good,severe
81,2,5,0,harm,mild
81,3,7,0,good,mild
81,0,7,0,good,severe
81,3,2,0,harm,severe
81,0,7,0,good,mild
81,4,7,0,good,severe
81,2,3,1,harm,severe
81,0,7,1,good,severe
81,2,6,0,good,severe
81,4,7,0,good,mild
81,1,6,0,good,mild
81,2,4,1,harm,mild
81,1,5,1,good,mild
81,2,6,0,good,mild
81,3,3,1,harm,mild
81,1,7,1,good,severe
81,0,3,0,harm,severe
81,4,4,0,harm,mild
81,0,3,1,harm,severe
81,4,3,1,harm,severe
81,3,5,1,good,severe
81,1,3,1,harm,severe
81,1,4,0,harm,mild
81,2,2,0,harm,severe
81,4,2,0,harm,severe
81,3,5,0,good,severe
81,4,5,1,good,mild
81,1,5,1,harm,mild
81,0,4,0,harm,mild
81,4,3,1,harm,mild
81,3,5,1,good,mild
81,1,6,0,good,severe
81,2,5,1,good,severe
81,3,2,1,harm,severe
81,1,1,0,harm,severe
81,2,4,1,good,mild
81,0,3,1,harm,mild
108,1,2,1,harm,severe
108,4,6,1,good,severe
108,0,7,0,good,severe
108,4,3,1,harm,mild
108,1,7,1,good,severe
108,3,6,1,harm,severe
108,0,5,0,good,mild
108,4,6,0,harm,severe
108,1,5,0,good,mild
108,2,6,1,good,severe
108,2,6,0,harm,mild
108,0,2,0,harm,mild
108,1,5,0,good,severe
108,0,3,1,harm,mild
108,0,5,1,good,severe
108,2,7,0,good,severe
108,2,2,0,harm,severe
108,2,5,1,good,mild
108,1,3,1,harm,mild
108,3,5,0,harm,mild
108,4,5,1,good,mild
108,2,3,0,good,mild
108,3,1,0,harm,severe
108,4,3,1,harm,severe
108,1,5,1,good,mild
108,0,5,0,harm,severe
108,4,5,0,harm,mild
108,2,3,1,harm,severe
108,3,5,0,good,severe
108,0,3,1,harm,severe
108,1,5,0,harm,mild
108,3,5,0,good,mild
108,1,3,0,harm,severe
108,4,5,0,good,mild
108,3,5,1,harm,mild
108,3,3,1,good,mild
108,4,4,0,good,severe
108,2,5,1,harm,mild
108,0,3,1,good,mild
108,3,5,1,good,severe
100,0,6,1,harm,severe
100,3,6,1,harm,severe
100,1,6,1,good,severe
100,0,5,0,harm,mild
100,4,6,1,good,severe
100,4,5,1,harm,mild
100,3,5,0,good,mild
100,1,6,0,good,severe
100,1,3,0,good,mild
100,3,6,0,harm,severe
100,2,2,1,good,mild
100,1,6,1,harm,severe
100,4,5,1,good,mild
100,3,6,1,harm,mild
100,0,4,0,good,mild
100,4,5,0,good,severe
100,3,6,1,good,severe
100,0,5,0,good,severe
100,3,4,1,good,mild
100,1,5,1,harm,mild
100,2,6,0,good,severe
100,0,3,1,harm,mild
100,0,6,0,harm,severe
100,2,5,0,good,mild
100,0,6,1,good,severe
100,2,5,1,good,severe
100,0,6,1,good,mild
100,4,6,0,harm,severe
100,4,6,0,good,mild
100,1,4,0,harm,mild
100,2,4,0,harm,severe
100,4,4,0,harm,mild
100,3,4,0,harm,mild
100,1,6,1,good,mild
100,2,6,1,harm,severe
100,1,6,0,harm,severe
100,3,6,0,good,severe
100,2,5,1,harm,mild
100,2,5,0,harm,mild
100,4,4,1,harm,severe
97,2,6,0,harm,mild
97,3,7,0,good,mild
97,4,6,1,good,mild
97,1,6,1,harm,mild
97,0,2,0,harm,severe
97,1,7,0,good,mild
97,1,6,1,good,mild
97,1,7,0,good,severe
97,4,7,0,good,mild
97,4,3,1,harm,severe
97,0,7,1,good,mild
97,0,1,1,harm,severe
97,2,2,1,harm,severe
97,4,1,0,harm,severe
97,2,7,0,good,severe
97,4,7,1,good,severe
97,1,1,1,harm,severe
97,0,5,0,good,mild
97,3,7,1,good,mild
97,4,7,0,good,severe
97,3,7,1,good,severe
97,4,5,1,harm,mild
97,3,6,0,harm,mild
97,2,7,0,good,mild
97,1,1,0,harm,severe
97,2,3,0,harm,severe
97,2,7,1,good,mild
97,2,7,1,good,severe
97,1,3,0,harm,mild
97,0,4,0,harm,mild
97,4,6,0,harm,mild
97,3,7,0,good,severe
97,0,7,0,good,severe
97,0,7,1,good,severe
97,3,5,1,harm,mild
97,0,4,1,harm,mild
97,3,2,0,harm,severe
97,1,7,1,good,severe
97,3,2,1,harm,severe
97,2,3,1,harm,mild
112,1,7,1,good,mild
112,4,1,1,harm,mild
112,0,1,1,harm,severe
112,3,3,0,harm,mild
112,2,7,0,good,mild
112,3,7,0,good,severe
112,4,3,0,harm,mild
112,0,3,1,harm,mild
112,2,3,1,harm,mild
112,0,7,0,good,mild
112,2,7,1,good,mild
112,2,3,0,harm,severe
112,1,1,1,harm,severe
112,1,1,0,harm,severe
112,0,7,0,good,severe
112,4,7,0,good,mild
112,0,3,0,harm,mild
112,1,7,1,good,severe
112,2,1,1,harm,severe
112,0,7,1,good,severe
112,1,1,0,harm,mild
112,3,7,1,good,mild
112,3,7,0,good,mild
112,0,2,0,harm,severe
112,1,1,1,harm,mild
112,3,1,1,harm,severe
112,3,7,1,good,severe
112,2,7,0,good,severe
112,4,1,1,harm,severe
112,4,7,1,good,mild
112,2,7,1,good,severe
112,4,7,1,good,severe
112,0,7,1,good,mild
112,2,1,0,harm,mild
112,3,1,0,harm,severe
112,1,7,0,good,severe
112,4,7,0,good,severe
112,4,2,0,harm,severe
112,1,7,0,good,mild
112,3,1,1,harm,mild
110,3,7,0,good,mild
110,3,4,0,harm,mild
110,3,6,1,good,mild
110,4,7,0,good,mild
110,4,2,1,harm,severe
110,2,5,0,harm,mild
110,3,3,0,harm,severe
110,4,6,0,good,severe
110,0,7,0,harm,mild
110,0,3,1,harm,severe
110,0,7,0,good,severe
110,1,7,0,good,mild
110,3,7,1,good,severe
110,2,3,0,harm,severe
110,4,6,1,good,mild
110,0,6,1,harm,mild
110,4,6,1,good,severe
110,1,3,0,harm,mild
110,3,6,1,harm,mild
110,1,7,1,good,severe
110,1,2,0,harm,severe
110,4,1,0,harm,severe
110,0,3,0,harm,severe
110,2,6,0,good,severe
110,2,5,1,harm,mild
110,4,3,1,harm,mild
110,3,5,1,harm,severe
110,1,6,1,harm,severe
110,1,7,1,good,mild
110,2,7,0,good,mild
110,2,3,1,harm,severe
110,1,7,0,good,severe
110,2,6,1,good,mild
110,0,6,1,good,mild
110,1,5,1,harm,mild
110,3,7,0,good,severe
110,0,7,1,good,severe
110,2,7,1,good,severe
110,4,6,0,harm,mild
110,0,7,0,good,mild
78,4,3,1,harm,mild
78,4,6,0,good,mild
78,3,5,1,good,mild
78,2,7,0,good,severe
78,4,1,0,harm,severe
78,2,2,1,harm,severe
78,1,3,1,harm,mild
78,1,1,0,harm,severe
78,3,3,1,harm,severe
78,3,3,1,harm,mild
78,0,7,0,good,mild
78,4,7,1,good,severe
78,1,7,1,good,severe
78,2,2,0,harm,mild
78,1,6,0,good,severe
78,0,2,1,harm,severe
78,4,3,0,harm,mild
78,2,2,0,harm,severe
78,4,6,0,good,severe
78,0,6,1,good,mild
78,3,2,0,harm,mild
78,4,2,1,harm,severe
78,3,6,0,good,mild
78,3,1,0,harm,severe
78,0,7,1,good,severe
78,1,5,1,good,mild
78,1,1,1,harm,severe
78,2,5,0,good,mild
78,1,3,0,harm,mild
78,0,2,0,harm,severe
78,0,2,1,harm,mild
78,1,6,0,good,mild
78,2,6,1,good,severe
78,3,7,0,good,severe
78,2,4,1,harm,mild
78,0,6,0,good,severe
78,3,7,1,good,severe
78,0,5,0,harm,mild
78,2,5,1,good,mild
78,4,5,1,good,mild
104,3,6,1,good,mild
104,4,1,0,harm,severe
104,0,6,1,good,mild
104,2,3,0,harm,mild
104,4,3,1,harm,mild
104,0,2,1,harm,severe
104,3,2,0,harm,severe
104,1,7,0,good,severe
104,1,5,1,good,mild
104,2,3,1,harm,severe
104,1,1,1,harm,severe
104,3,5,0,good,mild
104,0,3,0,harm,severe
104,4,6,1,good,severe
104,1,6,0,good,mild
104,2,5,1,good,severe
104,4,3,1,harm,severe
104,4,4,0,harm,mild
104,2,5,0,good,mild
104,1,4,0,harm,mild
104,0,6,1,good,severe
104,1,1,0,harm,severe
104,3,3,1,harm,mild
104,3,3,0,harm,mild
104,3,6,0,good,severe
104,4,6,0,good,mild
104,0,6,0,good,severe
104,3,3,1,harm,severe
104,4,5,0,good,severe
104,0,3,1,harm,mild
104,2,6,0,good,severe
104,4,5,1,good,mild
104,1,3,1,harm,mild
104,2,5,1,good,mild
104,0,5,0,good,mild
104,3,7,1,good,severe
104,2,2,0,harm,severe
104,2,4,1,harm,mild
104,0,3,0,harm,mild
104,1,7,1,good,severe
80,3,1,0,harm,severe
80,1,3,1,harm,severe
80,0,7,0,good,severe
80,4,6,0,good,severe
80,4,5,1,good,mild
80,0,4,1,harm,mild
80,4,6,1,good,severe
80,2,6,0,good,mild
80,2,3,0,harm,mild
80,0,1,0,harm,severe
80,1,1,0,harm,severe
80,2,2,0,harm,severe
80,2,6,1,good,severe
80,1,7,0,good,severe
80,1,7,1,good,severe
80,3,4,1,good,mild
80,3,1,1,harm,severe
80,3,3,0,harm,mild
80,2,7,0,good,severe
80,4,6,0,good,mild
80,0,3,0,harm,mild
80,4,2,1,harm,mild
80,4,1,0,harm,severe
80,2,1,1,harm,severe
80,1,6,0,good,mild
80,2,4,1,harm,mild
80,4,2,1,harm,severe
80,3,7,1,good,severe
80,1,5,1,good,mild
80,3,6,0,good,mild
80,3,3,1,harm,mild
80,0,1,1,harm,severe
80,3,7,0,good,severe
80,0,6,1,good,severe
80,4,4,0,harm,mild
80,0,6,1,good,mild
80,0,5,0,good,mild
80,1,3,1,harm,mild
80,1,3,0,harm,mild
80,2,4,1,good,mild
114,0,1,0,harm,severe
114,3,2,0,harm,severe
114,2,6,0,good,mild
114,3,7,1,good,mild
114,3,3,0,harm,mild
114,0,7,1,good,severe
114,2,3,0,harm,mild
114,1,2,0,harm,mild
114,3,7,1,good,severe
114,1,1,1,harm,severe
114,4,7,0,good,mild
114,2,7,0,good,severe
114,3,3,1,harm,severe
114,4,2,1,harm,severe
114,0,2,1,harm,mild
114,1,3,1,harm,mild
114,4,3,1,harm,mild
114,2,4,1,harm,mild
114,4,7,1,good,severe
114,4,1,0,harm,severe
114,1,7,0,good,severe
114,3,3,1,harm,mild
114,3,7,0,good,mild
114,4,6,1,good,mild
114,4,3,0,harm,mild
114,2,2,1,harm,severe
114,1,1,0,harm,severe
114,1,7,1,good,severe
114,1,5,1,good,mild
114,0,7,0,good,severe
114,2,7,1,good,severe
114,4,7,0,good,severe
114,0,3,0,harm,mild
114,0,1,1,harm,severe
114,0,7,0,good,mild
114,2,2,0,harm,severe
114,2,5,1,good,mild
114,3,7,0,good,severe
114,0,6,1,good,mild
114,1,7,0,good,mild
76,2,7,0,good,severe
76,0,5,1,harm,mild
76,0,3,1,harm,severe
76,4,6,1,good,severe
76,2,2,0,harm,severe
76,4,2,1,harm,mild
76,3,5,1,harm,mild
76,1,5,1,harm,mild
76,3,5,1,harm,severe
76,0,7,1,good,severe
76,3,1,0,harm,severe
76,4,3,1,harm,severe
76,0,3,0,harm,mild
76,0,5,0,good,mild
76,3,7,0,good,severe
76,1,7,0,good,mild
76,1,3,1,harm,severe
76,3,5,1,good,mild
76,4,7,0,good,severe
76,2,3,1,harm,severe
76,1,6,0,good,severe
76,2,7,1,good,severe
76,2,4,1,harm,mild
76,3,4,0,harm,mild
76,3,7,1,good,severe
76,1,3,0,harm,mild
76,4,2,0,harm,severe
76,1,3,0,harm,severe
76,2,5,1,good,mild
76,0,6,1,good,mild
76,4,5,0,harm,mild
76,0,3,0,harm,severe
76,2,5,0,harm,mild
76,4,6,1,good,mild
76,2,5,0,good,mild
76,0,5,0,good,severe
76,3,5,0,good,mild
76,4,5,0,good,mild
76,1,6,1,good,severe
76,1,5,1,good,mild
82,0,7,1,good,severe
82,2,5,1,good,severe
82,4,3,1,harm,severe
82,0,2,1,good,mild
82,4,6,0,good,severe
82,4,4,1,good,severe
82,1,5,1,harm,mild
82,0,5,0,harm,mild
82,3,2,0,harm,severe
82,2,5,0,good,severe
82,3,5,1,harm,mild
82,3,3,1,harm,severe
82,2,4,1,harm,mild
82,0,3,1,harm,severe
82,4,5,1,harm,mild
82,3,7,0,good,severe
82,3,7,1,good,severe
82,2,3,0,harm,mild
82,4,3,0,harm,mild
82,1,6,0,good,mild
82,2,5,1,harm,severe
82,0,2,1,harm,mild
82,3,5,1,good,mild
82,1,6,0,good,severe
82,3,5,0,good,mild
82,2,2,0,harm,severe
82,2,5,0,good,mild
82,1,5,1,good,mild
82,4,5,1,good,mild
82,0,2,0,harm,severe
82,0,6,0,good,mild
82,4,5,0,harm,severe
82,1,5,1,good,severe
82,1,2,0,harm,mild
82,2,4,1,good,mild
82,1,1,0,harm,severe
82,3,2,0,harm,mild
82,1,1,1,harm,severe
82,4,7,0,good,mild
82,0,6,0,good,severe
89,4,3,0,harm,severe
89,0,7,0,good,mild
89,0,7,0,good,severe
89,3,1,0,harm,severe
89,3,2,1,harm,severe
89,1,4,1,harm,mild
89,2,3,0,harm,severe
89,3,4,1,harm,mild
89,4,1,1,harm,severe
89,3,3,0,harm,mild
89,1,7,1,good,severe
89,4,7,1,good,mild
89,1,3,1,harm,severe
89,3,6,1,good,severe
89,1,7,0,good,mild
89,1,7,0,good,severe
89,2,1,1,harm,severe
89,4,6,0,good,mild
89,1,3,0,harm,mild
89,1,6,1,good,mild
89,4,7,0,good,severe
89,0,7,1,good,severe
89,2,4,0,harm,mild
89,4,3,1,harm,mild
89,0,4,1,harm,mild
89,4,7,1,good,severe
89,3,5,1,good,mild
89,1,1,0,harm,severe
89,0,4,1,harm,severe
89,2,6,0,good,severe
89,0,2,0,harm,severe
89,2,4,1,harm,mild
89,2,5,1,good,severe
89,3,7,0,good,mild
89,3,7,0,good,severe
89,2,7,0,good,mild
89,2,7,1,good,mild
89,0,3,0,harm,mild
89,0,6,1,good,mild
89,4,5,0,harm,mild
113,1,6,0,good,mild
113,1,7,0,good,severe
113,2,3,1,harm,severe
113,0,3,0,harm,mild
113,3,3,1,harm,mild
113,2,6,1,good,severe
113,3,1,0,harm,severe
113,2,4,1,harm,mild
113,4,3,1,harm,mild
113,2,5,1,good,mild
113,2,4,0,harm,mild
113,3,3,0,harm,mild
113,0,6,1,good,mild
113,1,3,0,harm,mild
113,1,7,1,good,severe
113,3,6,0,good,mild
113,3,5,1,good,mild
113,0,2,1,harm,severe
113,1,1,1,harm,severe
113,1,5,1,good,mild
113,3,7,0,good,severe
113,3,3,1,harm,severe
113,0,7,1,good,severe
113,0,2,0,harm,severe
113,0,5,0,good,mild
113,1,3,1,harm,mild
113,0,3,1,harm,mild
113,4,2,0,harm,severe
113,4,5,1,good,mild
113,4,6,0,good,mild
113,2,6,0,good,severe
113,2,5,0,good,mild
113,4,2,1,harm,severe
113,4,6,1,good,severe
113,4,7,0,good,severe
113,0,7,0,good,severe
113,2,2,0,harm,severe
113,1,1,0,harm,severe
113,4,4,0,harm,mild
113,3,7,1,good,severe
107,2,2,0,harm,severe
107,1,4,0,harm,mild
107,0,3,1,harm,mild
107,2,6,0,good,mild
107,1,6,0,good,mild
107,4,6,0,good,severe
107,0,5,1,good,mild
107,4,6,0,good,mild
107,2,2,1,harm,severe
107,0,7,0,good,severe
107,3,7,1,good,severe
107,4,5,1,good,mild
107,1,4,1,harm,mild
107,2,3,0,harm,mild
107,3,6,0,good,severe
107,0,5,0,harm,mild
107,2,5,1,good,mild
107,3,1,0,harm,severe
107,3,4,0,harm,mild
107,3,3,1,harm,severe
107,0,7,1,good,severe
107,0,2,0,harm,severe
107,3,4,1,good,mild
107,2,6,0,good,severe
107,1,2,1,harm,severe
107,1,1,0,harm,severe
107,1,7,1,good,severe
107,2,4,1,harm,mild
107,4,3,1,harm,severe
107,4,4,1,harm,mild
107,1,5,1,good,mild
107,4,4,0,harm,mild
107,3,4,1,harm,mild
107,1,7,0,good,severe
107,0,3,1,harm,severe
107,3,4,0,good,mild
107,4,6,1,good,severe
107,4,2,0,harm,severe
107,2,6,1,good,severe
107,0,5,0,good,mild
50,8,6,1,good,severe
50,6,7,1,good,mild
50,9,2,1,harm,severe
50,6,4,1,harm,mild
50,5,6,0,harm,mild
50,8,4,1,harm,mild
50,6,7,0,harm,severe
50,5,6,0,good,severe
50,9,6,1,good,severe
50,8,4,0,harm,mild
50,5,7,1,good,severe
50,8,6,1,good,mild
50,8,6,0,good,severe
50,8,4,0,good,mild
50,5,6,0,good,mild
50,9,5,0,harm,mild
50,6,5,0,good,mild
50,6,7,0,good,severe
50,9,6,0,good,mild
50,8,1,1,harm,severe
50,5,5,1,harm,mild
50,7,3,1,harm,severe
50,5,6,1,good,mild
50,5,2,0,harm,severe
50,7,3,0,harm,mild
50,9,3,0,good,severe
50,9,2,1,harm,mild
50,6,4,1,good,severe
50,7,6,0,good,severe
50,7,7,1,good,mild
50,6,3,0,harm,mild
50,5,2,1,harm,severe
50,9,4,1,good,mild
50,6,2,1,harm,severe
50,7,3,1,harm,mild
50,9,1,0,harm,severe
50,7,6,1,good,severe
50,7,4,0,good,mild
50,8,2,0,harm,severe
50,7,1,0,harm,severe
36,5,3,1,harm,severe
36,5,4,1,harm,mild
36,9,5,0,harm,mild
36,9,6,0,good,severe
36,5,6,1,good,mild
36,6,5,1,good,severe
36,8,4,0,harm,mild
36,7,2,1,harm,severe
36,6,7,0,good,severe
36,8,6,1,good,severe
36,9,6,1,good,severe
36,7,5,0,good,mild
36,8,3,0,harm,severe
36,6,5,1,harm,severe
36,8,4,1,harm,mild
36,9,2,1,harm,severe
36,8,4,1,good,mild
36,8,5,0,good,mild
36,6,3,1,harm,mild
36,6,5,0,good,mild
36,7,5,1,good,mild
36,5,5,0,harm,mild
36,7,3,0,harm,mild
36,9,6,1,good,mild
36,6,5,1,good,mild
36,5,5,0,good,severe
36,9,5,0,good,mild
36,9,3,1,harm,mild
36,8,2,1,harm,severe
36,7,2,0,harm,severe
36,7,5,1,good,severe
36,6,4,0,harm,mild
36,5,5,0,good,mild
36,6,5,0,harm,severe
36,8,6,0,good,severe
36,7,5,1,harm,mild
36,7,5,0,good,severe
36,5,3,0,harm,severe
36,9,4,0,harm,severe
36,5,5,1,good,severe
42,9,2,1,harm,severe
42,8,7,0,good,severe
42,5,7,1,good,mild
42,9,1,0,harm,severe
42,9,6,1,good,mild
42,8,1,1,harm,mild
42,6,2,1,harm,mild
42,8,1,0,harm,severe
42,9,2,1,harm,mild
42,6,1,0,good,mild
42,8,3,0,harm,mild
42,9,7,1,good,severe
42,7,2,1,harm,severe
42,5,7,1,good,severe
42,5,2,1,harm,mild
42,8,1,1,harm,severe
42,9,7,0,good,severe
42,5,7,0,good,mild
42,6,7,1,good,severe
42,7,6,1,good,mild
42,9,3,0,harm,mild
42,5,7,0,good,severe
42,6,7,0,good,severe
42,5,1,0,harm,severe
42,8,5,0,good,mild
42,5,3,0,harm,mild
42,6,5,1,good,mild
42,7,7,0,good,mild
42,9,5,0,good,mild
42,5,4,1,harm,severe
42,8,6,1,good,mild
42,6,6,0,harm,severe
42,7,7,1,good,severe
42,7,3,1,harm,mild
42,7,7,0,good,severe
42,8,6,1,good,severe
42,7,2,0,harm,mild
42,6,1,1,harm,severe
42,7,1,0,harm,severe
42,6,4,0,harm,mild
34,5,7,0,harm,mild
34,6,7,1,good,mild
34,5,7,0,good,mild
34,6,4,0,harm,mild
34,7,1,0,harm,severe
34,7,7,1,good,severe
34,6,3,1,harm,mild
34,8,5,0,harm,mild
34,5,7,1,good,severe
34,7,6,1,good,mild
34,5,1,0,harm,severe
34,9,1,0,harm,severe
34,5,7,1,good,mild
34,8,1,1,harm,severe
34,6,7,1,harm,severe
34,5,1,1,harm,severe
34,9,7,0,good,mild
34,9,7,0,harm,mild
34,8,3,1,harm,mild
34,8,7,1,good,severe
34,9,1,1,harm,severe
34,8,6,0,good,mild
34,8,1,0,harm,severe
34,7,5,1,harm,mild
34,6,7,1,good,severe
34,7,7,0,good,mild
34,8,7,0,good,severe
34,6,7,0,good,severe
34,6,4,0,good,mild
34,6,5,0,harm,severe
34,8,5,1,good,mild
34,9,7,0,good,severe
34,7,3,0,harm,mild
34,7,7,0,good,severe
34,9,5,1,good,severe
34,5,7,1,harm,mild
34,5,7,0,good,severe
34,9,7,1,good,mild
34,9,3,1,harm,mild
34,7,1,1,harm,severe
55,6,2,0,harm,severe
55,5,7,0,good,severe
55,6,7,1,good,severe
55,8,1,1,harm,severe
55,9,7,1,good,mild
55,8,2,0,harm,severe
55,8,6,0,good,mild
55,7,4,1,harm,mild
55,9,4,0,harm,mild
55,7,6,0,good,mild
55,6,3,1,harm,severe
55,5,5,1,harm,mild
55,7,5,1,good,mild
55,6,7,0,good,severe
55,6,5,0,good,mild
55,5,7,1,good,severe
55,7,4,0,harm,mild
55,8,4,1,harm,mild
55,5,6,1,good,mild
55,9,1,1,harm,severe
55,8,5,1,good,mild
55,8,7,0,good,severe
55,9,7,1,good,severe
55,6,6,1,good,mild
55,9,7,0,good,severe
55,6,4,1,harm,mild
55,7,2,0,harm,severe
55,7,6,0,good,severe
55,9,2,1,harm,mild
55,7,7,1,good,severe
55,5,2,0,harm,severe
55,5,4,1,harm,severe
55,7,4,1,harm,severe
55,9,2,0,harm,severe
55,5,5,0,good,mild
55,8,4,0,harm,mild
55,6,4,0,harm,mild
55,9,5,0,good,mild
55,5,4,0,harm,mild
55,8,7,1,good,severe
49,8,6,0,good,mild
49,8,1,0,harm,severe
49,6,3,1,harm,mild
49,7,1,1,harm,severe
49,6,4,0,harm,mild
49,5,7,1,good,mild
49,6,7,0,good,severe
49,7,3,0,harm,mild
49,7,7,1,good,severe
49,6,1,0,harm,severe
49,9,7,0,good,severe
49,8,1,1,harm,severe
49,6,7,1,good,severe
49,7,1,0,harm,severe
49,7,5,0,good,mild
49,9,1,1,harm,mild
49,6,1,1,harm,severe
49,8,3,0,harm,mild
49,9,7,1,good,mild
49,5,4,1,harm,mild
49,5,1,0,harm,severe
49,9,1,0,harm,severe
49,7,7,1,good,mild
49,5,3,1,harm,severe
49,5,7,0,good,mild
49,9,1,1,harm,severe
49,8,7,1,good,mild
49,9,7,0,good,mild
49,9,7,1,good,severe
49,8,7,0,good,severe
49,7,7,0,good,severe
49,5,3,0,harm,mild
49,5,7,0,good,severe
49,7,2,1,harm,mild
49,5,7,1,good,severe
49,8,7,1,good,severe
49,9,2,0,harm,mild
49,6,5,1,good,mild
49,8,2,1,harm,mild
49,6,5,0,good,mild
51,5,2,1,harm,severe
51,8,6,1,good,mild
51,8,1,1,harm,severe
51,5,3,1,harm,mild
51,8,3,0,harm,mild
51,9,3,1,good,mild
51,9,3,0,harm,severe
51,8,3,0,good,severe
51,9,6,0,harm,mild
51,6,6,0,harm,mild
51,7,5,0,harm,mild
51,6,5,1,harm,severe
51,8,3,1,harm,mild
51,6,3,0,good,mild
51,7,5,0,good,severe
51,6,5,0,good,severe
51,9,5,1,harm,severe
51,9,5,0,good,mild
51,7,5,0,harm,severe
51,7,5,1,good,mild
51,6,5,1,good,mild
51,7,5,1,harm,mild
51,5,6,1,good,severe
51,6,4,0,harm,severe
51,5,5,1,good,mild
51,5,5,0,harm,severe
51,6,5,1,good,severe
51,9,6,1,harm,mild
51,7,5,0,good,mild
51,7,5,1,harm,severe
51,6,5,1,harm,mild
51,5,6,0,good,severe
51,9,6,0,good,severe
51,8,4,0,good,mild
51,5,5,0,harm,mild
51,9,3,1,good,severe
51,8,4,1,good,severe
51,5,5,0,good,mild
51,7,5,1,good,severe
51,8,5,0,harm,severe
37,9,6,1,harm,mild
37,7,4,0,harm,mild
37,9,7,1,good,severe
37,6,2,0,harm,severe
37,5,5,1,good,mild
37,5,4,0,good,severe
37,9,7,1,good,mild
37,5,5,0,good,mild
37,5,4,0,harm,severe
37,8,7,1,good,severe
37,8,6,1,good,mild
37,6,3,0,good,mild
37,7,5,1,good,mild
37,6,6,1,good,mild
37,9,2,1,harm,severe
37,9,4,0,harm,severe
37,6,7,0,good,severe
37,5,4,1,harm,severe
37,8,2,1,harm,severe
37,7,5,0,good,severe
37,8,1,0,harm,severe
37,7,1,0,harm,severe
37,6,3,1,harm,severe
37,7,3,1,harm,severe
37,6,4,1,good,severe
37,7,5,0,good,mild
37,9,4,0,harm,mild
37,5,3,1,harm,mild
37,9,5,0,good,mild
37,8,3,0,harm,mild
37,9,7,0,good,severe
37,8,4,1,harm,mild
37,6,4,1,harm,mild
37,5,3,0,harm,mild
37,8,6,0,good,severe
37,6,4,0,harm,mild
37,7,2,1,harm,mild
37,5,6,1,good,severe
37,7,5,1,good,severe
37,8,5,0,good,mild
53,6,4,0,harm,mild
53,7,5,0,harm,mild
53,8,7,1,good,severe
53,8,4,1,good,mild
53,8,2,0,harm,severe
53,8,6,0,good,severe
53,7,3,1,harm,severe
53,9,4,1,harm,mild
53,6,7,0,good,severe
53,5,4,0,harm,severe
53,8,5,0,harm,mild
53,7,6,1,harm,mild
53,8,1,1,harm,severe
53,9,2,0,harm,severe
53,7,1,0,harm,severe
53,6,6,1,good,severe
53,5,7,0,good,severe
53,9,4,1,harm,severe
53,5,6,1,harm,mild
53,6,6,1,good,mild
53,7,7,0,good,mild
53,8,6,0,good,mild
53,5,7,1,good,severe
53,6,5,1,harm,severe
53,5,6,1,good,mild
53,8,3,1,harm,mild
53,6,6,0,good,mild
53,7,7,0,good,severe
53,7,7,1,good,severe
53,9,4,0,harm,mild
53,7,6,1,good,mild
53,5,5,0,harm,mild
53,6,4,1,harm,mild
53,9,6,1,good,severe
53,9,7,1,good,mild
53,9,5,0,good,mild
53,5,3,1,harm,severe
53,6,4,0,harm,severe
53,9,7,0,good,severe
53,5,6,0,good,mild
35,7,7,0,good,severe
35,8,1,1,harm,severe
35,9,5,0,good,mild
35,7,2,1,harm,severe
35,5,4,1,harm,mild
35,8,6,1,good,mild
35,7,5,1,good,mild
35,5,4,0,harm,mild
35,8,6,1,good,severe
35,8,6,0,good,mild
35,8,4,0,harm,mild
35,9,7,0,good,severe
35,8,5,0,good,severe
35,5,4,1,harm,severe
35,6,5,1,harm,mild
35,5,6,1,good,severe
35,9,3,1,harm,severe
35,5,6,0,good,mild
35,6,6,1,good,severe
35,9,2,0,harm,severe
35,9,6,1,good,severe
35,7,6,1,good,severe
35,6,7,0,good,severe
35,9,6,1,good,mild
35,6,6,1,good,mild
35,6,2,1,harm,severe
35,6,3,0,harm,mild
35,5,6,1,good,mild
35,7,3,1,harm,mild
35,7,1,0,harm,severe
35,6,3,0,good,mild
35,6,3,0,harm,severe
35,7,6,0,good,mild
35,5,6,0,good,severe
35,7,3,0,harm,mild
35,8,2,1,harm,mild
35,9,4,1,harm,mild
35,5,2,0,harm,severe
35,8,1,0,harm,severe
35,9,6,0,harm,mild
47,5,7,1,good,mild
47,7,5,1,harm,mild
47,9,7,0,good,mild
47,8,1,1,harm,severe
47,6,7,0,good,severe
47,7,3,1,harm,severe
47,8,5,0,good,mild
47,6,6,1,good,mild
47,7,7,0,good,severe
47,9,1,0,harm,severe
47,5,5,1,harm,severe
47,7,6,1,good,severe
47,5,6,0,harm,mild
47,8,7,1,good,mild
47,5,5,1,harm,mild
47,7,1,0,harm,severe
47,9,3,1,good,severe
47,9,5,0,harm,mild
47,5,7,0,good,severe
47,5,7,0,good,mild
47,6,3,0,harm,severe
47,6,7,1,good,severe
47,6,3,1,harm,mild
47,5,3,0,harm,severe
47,9,2,1,harm,severe
47,8,7,1,good,severe
47,9,6,1,good,mild
47,6,2,1,harm,severe
47,7,2,0,harm,mild
47,9,7,0,good,severe
47,8,3,0,harm,mild
47,8,3,0,harm,severe
47,6,3,0,good,mild
47,7,6,0,good,mild
47,5,7,1,good,severe
47,6,5,0,harm,mild
47,8,2,1,harm,mild
47,9,1,1,harm,mild
47,8,7,0,good,severe
47,7,7,1,good,mild
45,6,6,1,harm,mild
45,7,1,0,harm,severe
45,9,2,1,harm,severe
45,9,5,0,good,severe
45,8,4,1,harm,mild
45,6,3,0,harm,severe
45,8,4,0,harm,mild
45,7,3,1,harm,mild
45,6,6,1,good,mild
45,6,7,0,good,severe
45,9,2,1,harm,mild
45,6,7,1,good,severe
45,5,7,1,good,severe
45,7,2,1,harm,severe
45,9,6,1,good,severe
45,7,6,1,good,severe
45,6,2,0,harm,mild
45,7,4,0,harm,mild
45,7,5,0,good,mild
45,9,6,1,good,mild
45,5,4,0,harm,mild
45,5,3,1,harm,severe
45,9,1,0,harm,severe
45,5,5,1,good,mild
45,8,6,1,good,severe
45,5,5,0,good,mild
45,5,3,1,harm,mild
45,8,1,1,harm,severe
45,7,5,1,good,mild
45,5,7,0,good,severe
45,8,4,0,good,mild
45,9,5,0,good,mild
45,7,6,0,good,severe
45,8,5,1,good,mild
45,6,3,0,good,mild
45,8,2,0,harm,severe
45,8,7,0,good,severe
45,5,2,0,harm,severe
45,6,1,1,harm,severe
45,9,4,0,harm,mild
40,9,5,0,good,severe
40,7,4,0,good,severe
40,9,4,0,harm,severe
40,5,5,0,good,mild
40,8,1,1,harm,severe
40,9,6,0,good,mild
40,6,4,1,harm,severe
40,9,5,1,good,mild
40,7,6,0,harm,mild
40,9,5,1,good,severe
40,7,5,0,good,mild
40,7,1,1,harm,severe
40,6,6,1,good,mild
40,8,5,1,good,severe
40,5,7,1,good,severe
40,8,7,0,good,mild
40,5,6,1,harm,mild
40,6,4,0,harm,mild
40,9,2,1,harm,mild
40,8,2,0,harm,severe
40,6,4,0,good,mild
40,6,7,0,good,severe
40,6,3,0,harm,severe
40,5,4,1,harm,severe
40,5,3,0,harm,severe
40,5,4,0,harm,mild
40,8,3,1,good,mild
40,7,4,1,harm,mild
40,9,4,0,harm,mild
40,8,4,1,harm,mild
40,7,6,1,good,mild
40,7,1,0,harm,severe
40,5,7,0,good,severe
40,6,4,1,harm,mild
40,8,5,0,harm,mild
40,9,2,1,harm,severe
40,8,7,0,good,severe
40,5,6,1,good,mild
40,6,7,1,good,severe
40,7,4,1,good,severe
46,7,7,0,good,severe
46,8,6,0,good,severe
46,8,5,1,harm,mild
46,8,2,1,harm,severe
46,6,6,0,harm,severe
46,9,6,0,good,severe
46,5,4,0,good,mild
46,6,5,1,good,mild
46,5,3,1,harm,mild
46,5,5,1,good,mild
46,5,2,0,harm,severe
46,5,7,0,good,severe
46,7,3,1,harm,severe
46,5,2,1,harm,severe
46,8,5,0,good,mild
46,9,1,1,harm,severe
46,7,3,0,harm,mild
46,9,5,0,good,mild
46,8,5,1,good,mild
46,6,4,0,harm,mild
46,5,2,0,harm,mild
46,7,7,1,good,severe
46,7,5,0,good,mild
46,6,6,1,good,severe
46,6,7,0,good,severe
46,9,6,1,good,severe
46,9,6,1,good,mild
46,9,4,0,harm,mild
46,5,5,1,good,severe
46,8,2,0,harm,severe
46,6,2,1,harm,severe
46,8,7,1,good,severe
46,8,3,0,harm,mild
46,6,4,0,good,mild
46,6,4,1,harm,mild
46,7,3,1,harm,mild
46,7,5,1,good,mild
46,9,4,1,harm,mild
46,9,2,0,harm,severe
46,7,1,0,harm,severe
48,6,7,0,good,severe
48,7,7,1,good,severe
48,6,4,0,good,mild
48,9,7,0,good,severe
48,8,7,0,good,mild
48,5,7,1,good,mild
48,7,5,0,good,mild
48,5,6,0,good,severe
48,8,3,0,harm,severe
48,6,3,0,harm,severe
48,7,6,1,good,mild
48,7,3,1,harm,severe
48,5,4,1,harm,mild
48,8,7,0,good,severe
48,6,4,1,harm,mild
48,7,4,1,harm,mild
48,5,7,0,good,mild
48,9,4,1,harm,severe
48,7,4,0,harm,mild
48,8,1,1,harm,severe
48,6,3,1,harm,severe
48,6,7,1,good,severe
48,8,3,1,harm,mild
48,5,3,1,harm,severe
48,9,7,0,good,mild
48,9,7,1,good,mild
48,5,7,1,good,severe
48,8,4,0,harm,mild
48,8,2,1,good,mild
48,9,5,0,harm,mild
48,7,6,0,good,severe
48,6,4,0,harm,mild
48,9,7,1,good,severe
48,5,4,0,harm,mild
48,9,3,1,harm,mild
48,8,6,1,good,severe
48,9,4,0,harm,severe
48,5,2,0,harm,severe
48,6,6,1,good,mild
48,7,1,0,harm,severe
52,9,2,1,harm,severe
52,5,6,0,harm,mild
52,5,7,0,good,severe
52,8,1,1,harm,severe
52,6,3,0,good,mild
52,5,6,0,good,mild
52,9,3,1,harm,mild
52,7,7,1,good,severe
52,6,1,1,harm,severe
52,8,7,0,good,mild
52,6,4,0,harm,mild
52,5,6,1,good,severe
52,9,6,1,good,severe
52,7,3,0,harm,mild
52,6,5,1,harm,mild
52,5,1,1,harm,severe
52,6,3,0,harm,severe
52,7,7,0,good,severe
52,8,6,1,good,severe
52,6,7,0,good,severe
52,5,5,1,harm,mild
52,6,5,1,good,severe
52,7,1,0,harm,severe
52,8,3,0,harm,mild
52,8,6,1,good,mild
52,7,5,1,harm,mild
52,9,6,1,good,mild
52,6,7,1,good,mild
52,9,4,0,harm,mild
52,8,3,1,harm,mild
52,5,2,0,harm,severe
52,8,1,0,harm,severe
52,7,2,1,harm,severe
52,7,5,0,good,mild
52,9,6,0,good,severe
52,7,5,1,good,mild
52,8,5,0,good,severe
52,9,2,0,harm,severe
52,9,5,0,good,mild
52,5,6,1,good,mild
38,6,6,1,harm,mild
38,5,1,0,harm,severe
38,6,1,0,harm,severe
38,7,3,1,harm,mild
38,9,2,1,harm,severe
38,5,7,1,good,mild
38,6,7,1,good,severe
38,9,1,0,harm,severe
38,7,2,0,harm,severe
38,8,2,1,harm,mild
38,9,7,1,good,severe
38,6,2,1,harm,severe
38,7,7,0,good,severe
38,9,7,1,good,mild
38,6,5,0,good,mild
38,9,5,0,harm,mild
38,7,7,0,good,mild
38,8,5,1,good,mild
38,9,6,0,good,severe
38,5,7,0,good,severe
38,8,1,0,harm,severe
38,5,7,1,good,severe
38,5,7,0,good,mild
38,5,3,1,harm,severe
38,8,7,1,good,severe
38,8,6,0,harm,mild
38,8,3,1,harm,severe
38,9,6,0,good,mild
38,7,2,1,harm,severe
38,8,5,0,good,mild
38,7,6,1,good,mild
38,7,3,0,harm,mild
38,7,6,1,good,severe
38,9,3,1,harm,mild
38,5,3,0,harm,mild
38,5,4,1,harm,mild
38,8,7,0,good,severe
38,6,7,0,good,severe
38,6,7,1,good,mild
38,6,2,0,harm,mild
54,7,6,1,good,mild
54,9,3,1,harm,mild
54,8,4,0,good,mild
54,6,5,0,good,mild
54,9,2,0,harm,severe
54,9,6,1,good,severe
54,7,2,1,harm,severe
54,5,7,0,good,severe
54,6,3,1,harm,severe
54,6,4,0,harm,severe
54,9,5,0,good,mild
54,9,2,1,harm,severe
54,7,3,0,harm,mild
54,8,1,1,harm,severe
54,8,6,1,good,severe
54,7,6,1,good,severe
54,7,4,1,harm,mild
54,5,6,1,good,severe
54,5,2,0,harm,severe
54,5,6,0,good,mild
54,5,3,1,harm,severe
54,8,4,1,good,mild
54,5,4,1,harm,mild
54,9,6,0,good,severe
54,7,1,0,harm,severe
54,6,6,1,good,severe
54,9,4,0,harm,mild
54,5,6,1,good,mild
54,8,4,0,harm,mild
54,7,7,0,good,severe
54,6,4,0,harm,mild
54,6,6,1,good,mild
54,8,3,0,harm,severe
54,6,6,0,good,severe
54,5,4,0,harm,mild
54,9,4,1,good,mild
54,8,6,0,good,severe
54,8,5,1,harm,mild
54,7,5,0,good,mild
54,6,4,1,harm,mild
41,8,6,0,good,mild
41,9,7,0,good,severe
41,7,5,0,harm,mild
41,8,7,0,good,severe
41,9,7,1,good,mild
41,5,7,0,good,mild
41,9,1,0,harm,severe
41,8,3,1,harm,mild
41,7,6,1,harm,mild
41,5,2,0,harm,severe
41,8,3,0,harm,severe
41,6,3,1,harm,severe
41,9,6,0,harm,mild
41,8,7,1,good,severe
41,9,2,1,harm,severe
41,6,6,1,good,mild
41,5,7,1,good,severe
41,5,6,1,harm,mild
41,9,7,1,good,severe
41,5,7,0,good,severe
41,8,4,0,harm,mild
41,9,3,1,harm,mild
41,6,7,0,good,severe
41,7,7,1,good,severe
41,6,6,1,harm,mild
41,8,7,1,good,mild
41,6,2,0,harm,severe
41,5,5,0,harm,mild
41,9,6,0,good,mild
41,7,6,0,good,mild
41,7,3,1,harm,severe
41,8,3,1,harm,severe
41,6,4,0,harm,mild
41,5,7,1,good,mild
41,6,4,0,good,mild
41,7,6,1,good,mild
41,6,7,1,good,severe
41,5,4,1,harm,severe
41,7,2,0,harm,severe
41,7,7,0,good,severe
43,6,5,0,harm,mild
43,9,7,1,good,mild
43,6,6,1,good,mild
43,6,5,1,good,severe
43,7,1,0,harm,severe
43,5,1,0,harm,severe
43,9,2,0,harm,severe
43,9,5,0,harm,mild
43,7,7,0,good,mild
43,5,6,0,good,mild
43,5,5,0,harm,mild
43,8,4,1,harm,mild
43,5,7,0,good,severe
43,7,6,0,good,severe
43,6,4,1,harm,mild
43,8,4,0,good,mild
43,6,3,0,harm,severe
43,5,1,1,harm,severe
43,8,1,1,harm,severe
43,5,6,1,good,mild
43,6,5,0,good,mild
43,6,6,0,good,severe
43,7,3,1,harm,mild
43,9,3,1,harm,mild
43,7,4,0,harm,mild
43,8,2,0,harm,severe
43,9,6,1,good,severe
43,7,6,1,good,mild
43,9,7,0,good,severe
43,8,7,1,good,severe
43,7,7,1,good,severe
43,5,4,1,harm,mild
43,7,3,1,harm,severe
43,8,7,0,good,severe
43,9,5,0,good,mild
43,8,5,1,good,mild
43,6,2,1,harm,severe
43,5,6,1,good,severe
43,9,3,1,harm,severe
43,8,4,0,harm,mild
